Duration (in seconds);UserLanguage;id;age;gender;education;M1_1;M2_1;M3_1;M4_1;M5_1;U1_1;U2_1;U3_1;U4_1;S1_1;S2_1;S3_1;S4_1;S5_1;S6_1;I1_1;I2_1;I3_1;I4_1;I5_1;C1_1;C2_1;C4_1;C4_1;C5_1;ext_1;agr_1r;con_1;est_1r;ope_1;ext_2r;agr_2;con_2r;est_2;ope_2r;stomp_1_i;stomp_2_s;stomp_3_s;stomp_4_s;stomp_5_u;stomp_6_m;stomp_7_s;stomp_8_c;stomp_9_s;stomp_10_i;stomp_11_m;stomp_12_s;stomp_13_m;stomp_14_oldies;stomp_15_s;stomp_16_u;stomp_17_i;stomp_18_c;stomp_19_c;stomp_20_u;stomp_21_i;stomp_22_c;stomp_23_soundtrack;uom_1;uom_2r;uom_3;uom_4;uom_5;uom_6;uom_7;uom_8;uom_9;uom_10;uom_11;uom_12r;uom_13;uom_14;uom_15;eq1;eq2;eq3;eq4;eq5;eq6;eq7;eq8;eq9;eq10;eq11;eq12;eq13;eq14;eq15;eq16;eq17;eq18;eq19;eq20;eq21;eq22;sq1;sq2;sq3;sq4;sq5;sq6;sq7;sq8;sq9;sq10;sq11;sq12;sq13;sq14;sq15;sq16;sq17;sq18;sq19;sq20;sq21;sq22;sq23;sq24;sq25
1276;EN;TOM2000;20;1;1;5;4;5;4;4;3;5;5;5;5;5;5;4;5;5;5;4;5;5;5;4;5;4;5;3;4;3;6;6;7;1;6;6;7;6;7;5;7;6;7;6;3;7;4;4;4;7;5;6;4;7;7;7;7;4;7;7;6;4;1;3;4;1;5;2;1;4;3;5;4;2;4;4;4;4;2;3;4;4;4;2;2;3;3;3;4;1;2;2;2;3;4;4;3;1;1;4;4;1;4;3;1;3;3;2;4;1;1;2;3;2;3;3;4;2;1;1;4;3;2
760;EN;AHM2000;20;1;1;3;5;2;4;4;5;3;2;2;2;2;2;4;4;4;1;1;1;2;2;2;3;5;5;4;2;4;5;1;6;1;7;3;5;4;4;4;4;5;5;6;4;3;3;1;2;4;4;3;3;6;1;7;6;5;1;4;6;5;1;5;5;4;4;3;3;3;3;5;1;4;4;3;4;4;4;2;2;3;2;2;2;3;2;2;3;3;4;4;3;3;3;3;2;4;4;3;2;2;3;1;2;4;2;3;3;2;4;1;2;3;2;3;4;2;3;1;3;4;3
1387;EN;TAS2001;19;2;1;4;2;4;2;2;2;3;3;2;3;2;1;1;3;4;1;1;1;1;1;1;2;3;2;2;6;3;6;5;6;6;7;6;6;6;2;1;1;5;4;5;5;5;2;1;5;4;1;5;1;7;1;7;4;5;1;7;7;4;5;4;4;4;2;4;2;2;4;2;2;4;4;4;4;4;1;1;1;3;2;4;3;4;3;3;3;3;3;3;2;3;3;3;3;3;4;2;3;3;3;3;2;4;3;3;3;2;3;2;3;3;2;3;1;3;3;1;1;4;2
1524;EN;HOQ2001;20;2;1;3;3;3;4;4;3;4;2;3;4;3;1;3;4;4;1;1;1;3;1;3;3;3;5;3;5;5;7;2;7;4;7;7;7;3;4;2;2;5;2;4;3;2;1;1;7;1;4;7;1;7;1;7;4;1;1;7;7;5;1;5;5;5;5;5;3;3;4;5;3;2;5;2;4;4;2;2;1;3;4;4;4;4;2;2;4;4;4;3;1;3;4;4;3;3;4;2;2;1;4;4;2;1;3;2;3;1;3;1;2;3;2;1;1;4;1;3;4;1;2
798;EN;COF2002;18;1;1;3;4;2;2;4;2;2;1;2;5;2;1;3;4;3;5;4;5;5;5;2;1;1;1;2;1;1;3;1;5;1;2;3;1;6;7;6;6;4;1;1;5;1;1;3;1;3;4;1;1;4;5;1;1;1;7;1;1;5;1;4;4;4;5;1;2;3;3;5;5;5;5;5;2;2;4;4;4;1;4;1;1;1;4;1;3;1;4;1;4;1;1;1;1;1;2;1;2;1;3;4;4;2;1;1;4;1;1;1;2;1;4;2;1;2;3;1;1;3;4
934;EN;URB2001;19;1;1;5;3;4;4;5;3;2;2;3;1;2;4;4;4;2;5;5;5;3;5;3;2;3;5;1;5;4;3;6;6;3;3;2;2;7;7;2;5;6;3;7;7;5;1;7;5;6;4;5;4;1;7;7;3;1;7;1;7;4;5;3;4;2;4;1;5;3;4;4;1;4;5;3;2;3;4;3;2;1;4;3;2;1;4;2;2;2;3;2;3;2;3;1;2;2;3;3;2;1;3;2;1;4;2;2;1;2;4;2;3;4;2;3;1;1;2;1;3;3;2
1280;EN;RAY2000;20;2;1;5;3;5;2;4;1;4;3;3;4;4;4;4;4;4;2;1;4;3;4;2;4;4;4;3;3;3;6;5;6;1;6;7;5;6;5;5;5;3;2;6;4;2;6;1;5;5;6;5;5;7;5;7;7;5;5;7;7;5;4;4;3;3;3;3;2;2;3;5;4;2;4;2;3;4;2;2;3;4;1;3;4;4;4;3;4;3;4;4;1;3;3;4;3;3;3;2;2;2;3;3;2;3;2;3;2;4;1;2;2;2;2;2;1;4;2;1;4;1;1
2440;EN;Ali 2001;19;2;1;1;1;5;3;5;1;1;1;1;1;1;1;5;3;1;1;1;1;1;1;1;2;1;4;5;7;3;7;5;7;7;7;7;7;4;1;1;1;1;1;1;1;1;1;1;1;1;1;1;1;5;1;7;7;7;1;7;1;3;1;5;3;4;3;3;1;3;3;5;5;3;5;1;4;4;1;3;4;4;1;3;4;4;4;4;4;4;4;4;1;4;4;4;4;4;3;3;1;4;2;1;1;4;1;3;1;1;1;1;2;4;1;4;1;1;4;4;1;4;1
1221;EN;ZHO2001;19;1;1;3;3;4;4;4;3;3;3;3;4;4;3;4;5;4;3;3;5;4;5;4;3;3;4;3;3;5;5;6;4;6;5;6;4;7;4;4;4;5;3;4;3;3;3;4;4;5;4;4;3;4;4;5;4;3;4;4;4;2;3;1;2;4;5;4;3;4;5;5;5;4;4;3;3;3;2;2;2;3;2;2;3;3;3;3;2;3;3;3;1;2;2;3;2;2;3;4;1;2;4;3;1;4;1;2;2;3;4;3;2;2;2;3;1;1;2;2;3;2;2
1174;EN;CAR2001;19;1;1;3;3;3;3;3;3;3;3;2;3;3;3;3;3;3;3;3;3;3;3;3;3;3;3;2;3;3;6;3;6;2;5;3;6;6;4;4;4;4;3;4;3;4;3;4;4;4;4;4;4;4;4;4;4;4;4;4;5;4;4;3;3;2;2;2;2;3;2;4;4;3;4;2;3;3;2;2;2;2;2;4;3;3;2;3;3;3;3;3;1;3;2;3;2;3;4;1;1;1;3;2;3;4;3;2;2;3;3;2;3;2;2;4;1;3;1;1;2;2;2
1113;EN;Beg2001;19;2;1;2;1;2;2;1;1;2;1;3;2;3;1;1;2;3;1;1;1;2;2;4;2;3;1;3;2;6;5;3;3;3;6;5;5;5;4;3;3;2;2;4;3;2;2;2;2;2;5;3;2;6;2;2;2;3;2;2;4;4;4;3;4;2;1;3;2;4;2;2;2;2;3;2;3;4;2;2;3;2;3;3;3;3;2;3;2;3;3;3;2;2;2;2;2;3;1;1;3;3;2;3;2;1;3;2;3;2;1;1;2;1;2;1;2;2;2;1;3;2;2
782;EN;Ahm2000;20;1;1;5;4;5;5;5;4;5;4;4;5;3;2;4;4;5;5;3;5;5;5;4;4;4;5;4;1;7;2;7;7;2;1;1;1;1;5;5;6;7;5;5;5;5;6;4;6;7;5;6;7;6;5;7;7;7;5;6;7;4;4;2;4;1;2;2;1;3;2;1;1;1;5;1;3;1;2;4;2;3;4;1;1;4;4;4;1;3;1;2;4;1;3;3;1;1;3;2;2;1;4;3;1;4;1;2;2;1;3;3;2;4;2;3;1;4;4;1;2;3;1
741;EN;Koy2000;19;1;1;4;2;4;4;4;1;4;2;3;4;2;3;3;4;3;1;1;2;2;1;2;2;3;4;4;5;6;6;6;6;3;5;6;6;6;4;4;4;5;3;4;2;4;2;1;3;4;3;2;3;5;2;6;4;2;2;5;6;3;4;4;4;2;1;3;3;2;3;4;3;2;2;1;3;4;2;3;2;3;2;3;2;3;2;3;3;3;3;3;1;2;3;3;2;2;3;3;2;2;3;2;2;4;2;3;2;2;4;1;2;2;2;2;1;2;3;2;2;2;3
962;EN;WIL2000;20;2;1;4;4;4;5;5;2;4;4;4;2;3;2;3;4;3;4;2;3;5;5;2;2;1;4;2;5;6;3;1;3;2;6;3;2;6;7;1;7;5;5;3;1;1;1;6;7;5;6;5;7;5;7;3;1;1;7;1;5;5;1;4;5;4;5;4;4;5;5;3;1;4;4;4;1;2;4;4;3;2;4;2;2;3;3;1;3;2;3;2;2;3;3;1;1;3;3;1;4;2;3;1;3;3;3;2;3;3;3;1;2;3;4;3;2;4;3;2;4;3;3
1035;EN;POZ2000;21;2;1;4;4;4;3;4;4;4;4;4;5;4;3;4;5;2;2;1;2;2;2;3;3;3;4;3;5;3;4;3;6;4;5;4;5;5;2;4;5;5;5;5;5;4;4;2;6;5;6;6;4;5;4;5;5;4;3;5;4;4;4;4;4;4;4;3;2;3;3;4;2;4;4;3;3;3;2;2;2;3;2;3;3;3;2;3;3;3;3;3;2;3;3;3;3;3;4;2;3;2;3;3;1;4;2;2;1;1;3;3;1;4;2;2;1;1;4;2;3;3;2
1099;EN;Ahmed;20;1;1;4;1;5;1;1;1;1;1;1;1;4;1;1;4;5;3;1;1;4;2;4;2;4;4;1;2;6;5;3;6;2;6;3;5;5;5;2;2;5;5;2;2;2;2;2;2;5;2;2;2;2;2;5;2;2;2;5;7;4;4;1;4;5;3;3;3;2;3;4;4;2;3;1;3;3;3;2;2;3;1;3;3;4;3;3;3;3;3;3;1;3;3;3;3;4;4;3;2;1;3;3;2;4;2;2;2;2;3;3;2;2;2;3;1;4;3;3;2;3;3
868;EN;ZYM2000;20;2;1;3;3;2;4;2;1;1;1;2;3;3;2;4;4;3;2;1;2;4;1;3;3;3;4;4;3;7;5;2;6;2;7;4;3;5;6;5;5;5;1;2;1;1;1;1;5;6;5;5;5;2;1;7;1;1;1;7;1;5;5;4;5;5;5;4;3;4;5;4;2;5;5;5;3;3;2;1;3;3;1;3;3;4;2;2;4;3;4;4;1;3;3;3;3;4;3;2;3;2;3;1;2;3;2;2;2;1;3;2;2;2;3;2;2;3;2;2;3;3;2
837;EN;CAN2001;19;2;1;2;3;3;4;5;2;4;3;4;3;3;1;4;3;4;1;1;3;3;2;3;3;4;4;4;6;3;6;5;7;7;6;7;5;5;4;2;2;1;4;2;1;1;1;1;1;1;4;3;3;7;2;6;1;1;1;1;5;4;5;4;4;4;2;2;1;2;1;1;1;4;4;3;4;4;2;2;3;3;2;4;4;4;3;1;3;3;4;3;1;2;2;2;1;4;3;1;2;2;1;4;3;2;1;1;2;3;2;2;3;1;3;1;3;4;1;3;3;1;3
888;EN;SUN1972;48;1;2;4;3;3;4;4;4;4;4;4;4;4;4;4;4;4;4;3;4;4;4;4;4;4;4;4;4;7;6;6;6;4;3;6;6;4;5;6;6;6;5;6;5;5;4;6;4;5;4;6;5;5;6;6;5;5;6;5;6;4;5;4;4;3;3;1;1;2;2;4;4;2;4;2;3;3;2;2;2;3;2;3;3;3;2;2;2;3;3;3;2;3;3;3;3;2;4;4;1;3;4;2;1;4;1;1;1;1;4;2;4;4;3;3;2;2;2;3;3;4;2
1459;EN;HAN2000;20;1;1;3;1;2;3;2;1;1;1;1;4;4;4;3;4;4;3;3;3;3;2;4;3;2;4;2;3;3;2;6;6;6;3;3;3;6;5;1;1;5;1;6;2;5;1;4;4;4;3;3;4;2;4;3;4;1;5;3;6;2;4;1;2;1;2;2;3;2;2;5;4;4;3;2;3;2;3;2;1;2;3;2;3;3;3;3;2;3;2;3;4;2;2;2;2;2;2;2;2;2;3;2;2;4;2;3;1;2;3;3;4;1;2;2;1;3;1;3;3;3;3
4593;EN;SUB2000;20;2;1;4;4;5;2;3;3;5;3;5;4;3;1;2;4;3;2;1;2;4;4;4;4;2;4;2;1;2;6;2;5;2;6;6;5;3;7;3;3;5;6;5;5;5;1;2;4;5;5;6;1;7;2;5;5;5;2;6;7;4;4;2;4;2;4;1;1;2;3;2;1;2;5;2;3;3;3;1;2;3;3;3;3;4;2;2;3;2;3;4;2;3;3;3;4;3;4;1;3;2;3;3;2;2;3;2;4;1;3;2;3;3;2;4;2;3;2;1;3;2;2
1698;EN;EVA2000;20;2;1;2;3;3;3;4;2;3;3;4;4;4;1;4;3;4;4;2;3;3;4;3;2;5;5;5;3;4;5;2;5;2;6;2;2;7;5;1;5;2;2;4;6;6;2;1;1;5;4;5;1;4;1;7;1;1;7;7;2;5;1;3;5;4;5;5;5;4;4;4;2;4;5;5;3;4;4;2;4;4;2;4;3;3;2;2;4;4;4;3;3;3;2;3;3;4;2;1;4;4;2;1;4;3;2;1;3;1;3;2;1;4;3;2;2;3;3;1;2;2;3
1653;EN;SUN1999;22;2;2;2;2;2;2;2;1;1;2;2;2;2;2;3;2;3;5;5;5;5;5;3;4;3;2;2;6;4;7;3;7;5;6;1;3;6;4;4;4;5;4;5;4;5;2;5;4;3;4;7;4;5;6;6;2;2;5;5;7;5;5;4;5;4;2;2;3;4;4;5;5;5;5;5;3;3;1;2;2;2;1;3;3;3;2;4;3;3;3;3;3;3;2;3;3;4;4;2;2;1;3;1;1;4;3;1;2;1;4;4;2;2;1;1;4;4;1;2;4;2;2
796;EN;IMA2000;20;2;1;1;1;2;4;3;2;3;2;2;4;4;2;3;3;4;3;3;3;3;4;1;3;5;5;5;5;3;5;3;5;3;5;7;3;3;4;4;5;1;2;1;2;2;5;2;4;3;4;4;1;5;2;7;7;4;2;7;4;4;4;4;3;4;3;3;3;4;4;4;4;2;4;3;4;4;2;2;2;3;2;4;3;4;2;2;4;4;4;4;2;3;3;3;3;2;4;1;2;2;4;2;1;4;2;2;2;1;4;2;3;3;3;4;1;2;4;3;2;3;1
793;EN;Gui1970;50;2;1;5;4;5;5;1;5;5;4;5;3;1;4;2;4;2;1;1;5;3;4;4;3;3;3;4;6;6;7;7;6;7;6;7;7;2;6;6;5;7;7;6;6;5;5;2;2;1;2;6;6;6;1;4;3;2;3;6;6;5;5;5;4;5;4;1;1;2;1;4;1;5;5;5;4;4;1;2;1;3;2;4;4;4;1;4;3;4;3;3;2;3;4;3;4;4;4;1;3;4;3;3;3;4;3;1;3;3;4;3;1;3;2;1;2;2;1;3;4;3;2
1169;EN;STA2000;20;2;1;5;2;5;2;4;4;2;4;1;3;4;3;4;5;5;4;1;2;2;3;4;4;2;3;5;5;5;6;1;5;5;6;6;4;6;6;4;5;7;1;7;1;7;5;1;2;6;2;7;6;6;5;7;7;1;6;7;7;5;5;4;4;4;4;1;2;2;2;2;2;2;5;2;3;4;2;1;2;4;1;4;3;4;2;3;3;4;3;3;1;3;3;3;2;3;3;1;4;2;2;1;3;1;2;3;2;3;3;3;2;1;4;2;4;4;2;2;4;1;4
1618;EN;Cro2001;19;1;1;1;3;3;3;4;3;3;5;4;5;4;1;3;2;5;5;4;3;4;4;3;4;4;2;3;4;6;5;6;6;6;6;4;5;7;4;4;4;2;2;3;3;5;4;4;4;5;4;4;2;4;4;4;3;1;5;4;5;4;2;4;3;2;2;1;3;3;2;4;5;2;1;1;3;4;1;2;1;3;1;4;2;4;1;4;3;2;4;2;1;3;3;1;3;3;2;1;1;4;2;2;1;2;1;3;3;3;2;1;4;3;3;2;2;4;3;1;4;2;2
4168;EN;LUX2001;19;1;2;3;3;2;3;3;1;2;3;2;2;3;3;3;2;3;4;5;4;3;4;3;3;3;4;2;6;2;5;4;6;7;5;4;5;6;5;3;4;4;2;4;3;4;1;7;2;4;2;3;1;4;6;5;4;2;5;2;5;5;2;3;3;4;3;3;5;4;3;5;5;4;5;3;3;3;2;2;2;3;2;2;2;3;2;2;3;3;3;3;2;3;3;3;2;3;4;3;2;1;2;3;2;4;3;3;2;2;4;2;3;3;2;3;4;2;2;2;2;3;3
1551;EN;WEL2000;20;1;1;4;4;4;4;3;2;4;4;5;4;2;2;4;4;4;5;3;4;4;4;3;3;2;3;3;3;6;6;1;4;3;6;4;3;5;4;4;3;3;5;4;3;4;4;4;4;2;4;2;2;6;5;3;3;3;7;3;6;4;5;4;4;1;2;2;1;4;3;3;2;4;4;2;3;3;3;2;3;3;2;2;2;3;1;2;2;3;4;3;1;2;3;2;3;3;2;2;2;3;3;3;1;4;3;2;2;2;3;4;3;2;3;1;1;3;2;2;3;3;1
1120;EN;MOR1999;22;2;1;4;2;4;3;1;1;1;1;1;5;3;2;3;4;4;3;2;3;2;4;2;1;1;2;1;2;2;3;1;5;2;5;1;4;6;4;4;2;6;1;6;1;3;1;4;1;5;4;1;2;1;3;1;1;1;4;1;4;5;1;4;3;2;4;3;5;4;2;2;2;4;5;3;1;4;4;3;4;2;3;3;3;2;2;2;4;1;4;2;2;4;1;2;3;4;3;1;2;1;3;4;2;3;1;1;2;1;2;3;2;1;2;3;3;3;1;2;3;2;2
1326;EN;TOL1990;30;1;2;3;4;3;4;3;3;2;2;4;2;3;3;2;3;3;4;5;5;4;4;2;2;2;2;2;1;5;1;1;5;6;6;1;2;5;6;2;2;5;5;5;4;3;1;7;4;4;5;5;4;3;4;4;3;1;4;3;6;5;4;4;5;3;2;2;2;1;1;4;4;4;4;3;2;4;4;3;2;1;3;2;1;3;2;1;2;4;3;2;1;2;1;3;1;4;2;1;2;1;4;1;3;4;2;3;3;1;2;3;2;2;3;1;3;3;1;1;4;2;1
1240;EN;Bri1996;24;2;2;2;3;3;3;3;3;2;3;2;3;3;3;4;2;3;4;4;4;4;4;3;3;2;3;2;2;5;5;3;4;2;6;3;3;5;5;2;4;4;4;3;3;4;2;6;4;5;4;4;3;4;6;3;3;4;7;4;5;5;4;3;4;4;2;3;4;2;2;5;5;5;4;4;1;3;3;2;3;2;3;2;2;1;2;3;2;3;3;2;2;2;3;2;2;3;3;1;2;1;3;1;1;4;4;3;4;1;4;2;2;1;2;2;3;4;2;2;3;2;3
1111;EN;RAH2002;18;2;1;4;4;4;2;4;3;3;3;3;3;3;2;3;4;3;4;1;3;2;3;2;1;2;2;2;4;5;3;3;5;2;7;6;7;7;4;4;4;7;2;3;1;1;1;2;3;4;3;3;1;7;3;7;2;7;6;4;7;5;5;3;3;2;4;3;1;3;4;5;5;5;4;4;4;3;3;1;3;4;3;4;4;4;2;1;3;4;3;4;4;4;3;3;3;2;3;2;2;2;3;1;2;1;2;3;2;1;2;3;3;2;2;3;2;3;2;2;2;2;2
1043;EN;BEG2001;20;2;1;5;2;5;4;4;1;4;4;4;4;4;1;3;4;3;4;1;2;4;4;1;4;4;5;4;6;7;5;6;6;3;7;6;5;6;4;4;5;5;1;5;1;3;1;1;4;6;6;1;1;7;4;7;5;1;6;7;7;4;5;5;5;4;1;1;2;2;2;5;4;4;5;4;3;4;1;1;1;3;1;4;3;4;1;3;3;4;3;3;2;3;3;3;2;2;3;1;4;1;4;3;1;2;2;4;2;2;3;2;2;3;3;3;1;4;1;3;4;3;1
937;EN;MOO1996;24;2;2;5;3;5;4;5;4;4;4;4;3;4;4;5;5;4;5;5;5;5;5;4;3;3;3;3;3;3;5;2;5;2;7;4;3;6;7;5;5;6;5;4;7;4;5;6;5;5;5;7;4;5;5;4;5;4;7;5;6;4;3;3;4;4;4;2;3;3;4;5;4;4;4;3;3;4;4;4;3;2;2;3;3;3;2;1;3;2;4;3;2;3;2;2;3;4;3;2;2;1;4;4;2;3;2;1;2;1;3;4;2;3;2;3;1;3;3;2;2;3;2
1108;EN;KHI2001;19;2;1;4;4;5;5;4;1;3;2;4;4;3;3;4;4;3;1;1;1;1;2;3;1;3;5;4;5;3;6;3;6;4;6;3;3;5;3;2;4;2;3;2;1;2;1;1;3;4;4;4;3;5;2;7;5;4;1;7;6;5;3;4;3;2;1;3;2;2;1;4;2;5;5;2;4;4;3;1;3;4;3;4;3;4;3;3;4;3;4;3;2;4;3;4;3;3;2;4;2;2;3;3;2;2;3;2;2;1;3;2;1;3;2;3;1;3;3;2;1;3;1
793;EN;PAT2000;20;1;1;5;4;5;5;5;2;4;2;4;3;2;1;5;4;4;1;1;1;1;1;3;1;2;3;4;6;3;6;6;7;3;6;6;4;6;1;1;1;7;1;1;1;1;1;1;1;4;1;1;1;1;1;6;4;1;1;4;1;5;4;4;5;1;2;3;3;2;4;4;3;4;4;5;4;3;2;1;3;4;2;3;3;4;3;3;3;3;4;3;3;3;3;3;3;3;3;2;2;2;2;3;1;3;1;2;1;2;2;4;1;4;1;1;3;2;1;2;3;1;3
1250;EN;Kol1998;23;2;1;4;2;4;3;2;4;2;2;4;4;2;3;2;4;4;4;2;3;4;4;2;4;4;2;2;3;7;5;3;7;3;7;3;6;6;5;4;3;5;2;7;2;2;3;2;4;3;4;3;3;6;5;6;4;2;5;6;4;5;5;5;4;4;2;3;2;2;2;4;1;5;4;4;4;4;1;1;2;3;3;4;3;3;2;4;3;3;4;4;1;4;3;3;2;3;4;1;4;3;2;1;2;3;3;4;1;2;3;2;3;3;4;1;2;3;1;2;3;2;3
1472;EN;MOR2001;19;1;1;3;2;4;2;2;4;2;4;2;1;4;1;2;3;3;2;1;2;3;4;1;1;1;4;2;5;2;7;5;6;3;6;7;6;3;5;5;6;4;5;2;1;1;1;1;2;5;1;7;1;1;5;2;1;1;7;1;5;4;1;2;2;1;4;2;5;4;5;2;2;3;5;2;4;3;2;2;3;4;3;4;3;4;3;3;4;4;4;3;2;4;4;4;4;3;4;3;2;3;3;1;1;4;1;2;1;2;4;2;2;3;2;3;3;3;3;4;2;3;2
941;EN;Bry1982;38;2;1;4;3;4;3;3;2;4;3;3;4;3;4;4;4;4;1;1;1;4;4;3;4;4;4;4;5;5;5;4;6;4;7;7;6;6;5;5;2;7;1;7;1;7;1;1;6;5;1;1;4;7;4;4;4;2;1;4;1;5;5;3;4;2;1;1;1;2;1;1;1;1;5;1;4;4;1;1;2;4;1;4;4;4;4;4;4;4;4;4;1;4;4;3;3;3;2;3;3;3;3;2;2;1;3;3;3;3;2;2;2;2;2;2;2;4;1;1;4;1;4
879;EN;Akh2001;19;2;1;5;1;4;5;2;2;1;4;4;4;4;2;4;4;4;5;2;2;5;5;5;5;2;4;2;3;2;6;2;6;2;3;6;5;3;3;4;3;5;2;5;3;3;4;2;4;3;4;3;1;7;6;6;5;5;5;7;7;4;5;3;1;4;5;3;1;2;2;2;2;1;4;2;2;4;3;2;2;1;2;2;3;3;3;2;1;3;2;4;2;3;1;2;1;2;3;1;1;4;2;2;3;2;2;2;1;2;3;4;1;3;1;4;2;2;4;3;3;4;2
1622;EN;HUS2001;19;2;1;4;2;4;5;3;1;4;2;5;4;1;1;1;3;2;4;1;5;5;5;2;1;4;5;1;1;3;6;2;6;2;6;3;5;5;5;1;1;3;2;4;1;4;2;6;4;2;5;5;1;7;5;6;3;3;6;5;6;4;4;5;5;1;1;3;2;3;2;4;3;4;4;2;3;3;3;1;1;3;1;4;3;3;2;2;4;4;4;4;3;3;2;3;2;2;3;1;3;1;1;3;1;2;1;4;2;4;4;1;2;1;1;1;1;4;1;1;4;1;4
825;EN;SH1999;21;2;1;4;3;5;3;4;2;3;3;5;4;3;3;3;4;5;2;1;1;2;3;1;1;2;2;1;3;6;7;5;7;1;7;4;7;7;4;4;5;5;2;2;4;2;2;2;5;5;4;4;4;5;2;5;5;4;5;5;5;4;5;4;5;2;2;3;3;2;2;4;4;4;4;2;3;4;1;1;1;4;1;4;4;4;2;2;4;4;4;4;1;4;3;4;2;3;4;1;2;2;3;1;1;4;1;3;2;2;3;2;2;1;3;3;1;3;2;1;3;3;3
7956;EN;Ker1974;47;2;1;2;3;3;3;3;3;3;4;4;2;2;4;2;3;2;3;3;3;2;3;2;2;5;3;3;6;3;6;4;7;6;3;4;4;3;4;4;4;4;5;7;3;3;4;5;2;2;2;6;6;7;6;7;6;1;2;7;5;5;4;4;2;4;1;1;1;1;1;5;5;3;5;4;2;1;2;1;2;3;3;2;2;2;3;3;1;4;3;2;4;2;2;2;3;2;3;2;3;3;2;3;1;3;2;2;1;1;3;3;3;2;1;3;2;3;3;1;4;3;2
1182;EN;Sun1972;49;2;2;2;4;2;4;3;3;3;2;4;2;2;2;4;2;2;2;2;4;4;2;4;2;2;3;2;1;1;7;3;1;7;5;7;3;1;4;4;3;3;3;5;3;3;3;3;3;3;3;5;3;7;3;4;3;2;3;3;4;4;5;2;2;2;2;2;2;4;2;4;4;2;4;2;2;1;3;1;1;3;4;3;3;2;3;2;3;4;3;4;3;3;2;4;3;2;4;3;3;3;3;1;2;3;3;2;2;2;3;1;2;2;2;2;2;2;2;2;3;2;3
1429;EN;Coo1972;48;1;2;4;4;4;3;5;4;4;4;4;5;2;5;5;5;3;4;4;3;4;5;3;5;2;3;4;3;3;6;3;6;3;7;4;3;3;7;5;7;7;6;4;3;6;5;6;3;3;3;6;6;7;6;3;7;3;7;7;7;4;4;3;2;2;1;2;2;2;2;4;4;2;4;2;2;3;2;2;2;2;3;2;2;2;3;3;2;3;2;3;3;2;2;2;2;3;3;1;3;4;3;4;3;2;2;3;2;1;2;4;3;2;2;1;3;3;1;2;4;2;3
759;EN;Bar1991;29;2;2;2;2;1;3;4;1;3;3;4;2;1;2;2;3;1;4;4;5;4;4;1;1;4;3;2;6;3;5;1;7;6;7;3;1;7;4;1;1;2;2;6;3;4;4;4;4;2;6;7;2;7;4;6;5;1;6;7;5;5;3;4;4;4;4;3;1;2;2;4;4;4;5;2;4;4;1;1;3;4;3;3;4;3;4;2;3;4;4;4;3;4;4;4;4;4;3;1;4;1;3;4;3;1;4;4;2;3;1;2;2;1;2;1;4;4;1;1;4;1;4
12977;EN;AKT2001;19;2;1;4;4;4;4;4;4;4;4;4;3;3;1;2;2;4;1;1;3;4;2;2;2;4;4;4;1;5;5;1;5;2;7;6;2;6;2;2;2;6;3;3;2;1;1;1;4;2;1;1;1;6;1;6;4;6;1;6;6;5;4;4;4;4;2;3;3;2;1;4;2;4;5;2;4;4;4;1;1;4;2;3;3;4;1;3;4;4;4;4;1;3;3;3;3;3;4;1;3;2;3;1;2;3;2;4;4;3;1;2;2;2;4;3;1;3;2;1;4;3;3
990;EN;BAR1989;31;2;1;4;2;3;3;3;1;1;1;1;3;3;3;3;1;4;3;1;3;2;3;5;4;4;4;4;4;4;6;2;5;1;7;4;7;7;1;1;1;1;4;5;1;1;1;1;1;1;1;2;1;7;1;7;7;1;3;7;4;5;3;5;2;3;3;1;1;1;1;5;1;5;5;4;2;4;1;3;1;3;3;4;4;4;4;3;3;3;4;4;2;2;3;3;3;2;4;1;1;1;2;1;4;1;4;4;1;1;1;4;1;2;1;1;1;1;1;2;4;2;4
938;EN;car1990;30;2;1;5;2;5;2;3;1;3;3;3;4;2;5;3;4;3;1;1;1;1;5;1;3;4;5;4;5;2;5;1;7;6;7;7;3;7;7;1;1;7;4;3;1;4;4;1;1;1;1;7;1;5;6;7;4;1;1;7;7;5;1;5;3;4;4;5;4;5;5;5;1;5;5;5;4;4;1;1;3;4;4;4;3;4;3;4;4;4;4;4;2;4;3;4;4;1;4;3;2;1;3;1;1;4;4;4;2;1;4;4;1;2;1;4;1;4;3;2;3;4;2
1553;EN;NEI1998;22;2;1;3;3;2;3;2;2;4;4;3;3;4;3;4;3;3;5;5;4;4;5;2;2;2;4;2;2;6;3;2;5;3;5;2;2;7;6;5;4;3;5;4;4;3;2;6;4;4;4;4;3;2;7;4;4;3;7;3;5;4;2;2;4;3;1;2;2;3;2;4;5;4;2;3;2;3;3;2;3;2;1;4;2;2;2;2;2;2;3;2;1;2;2;2;1;3;3;3;3;2;4;3;1;4;1;1;2;1;3;1;3;3;3;3;2;3;3;3;2;3;1
967;EN;Vow1999;21;2;2;4;5;4;2;5;2;4;3;4;3;3;2;4;3;4;1;1;1;1;1;3;1;3;3;5;2;4;5;1;6;3;7;4;2;4;5;4;5;5;6;3;4;4;5;2;5;5;5;6;2;7;5;4;2;3;2;7;7;5;3;4;5;5;1;3;2;3;2;5;2;2;4;3;2;4;3;2;2;3;2;4;4;3;2;3;4;4;4;4;2;4;4;4;4;4;3;1;4;2;4;2;2;2;2;3;2;3;1;1;3;1;1;3;3;4;1;1;4;1;4
18514;EN;AHM1987;33;2;1;3;3;4;2;3;1;2;4;2;4;2;1;3;2;2;1;1;1;1;1;2;1;1;2;4;2;6;6;1;2;3;7;5;3;2;1;1;1;3;2;2;2;2;2;1;4;1;1;4;1;6;1;5;1;1;1;5;5;4;5;5;4;3;1;1;1;3;4;4;3;4;5;4;3;3;3;3;3;3;2;3;3;3;2;2;3;3;4;3;1;3;3;2;2;3;3;1;3;2;3;3;1;3;2;2;2;3;2;1;2;1;3;3;1;3;1;1;3;2;3
1015;EN;AHM1997;23;1;1;4;1;4;4;3;4;3;1;3;4;4;3;3;4;4;1;1;1;1;1;1;1;4;3;2;3;5;5;6;6;2;5;3;6;1;1;1;1;1;1;1;1;1;1;1;5;1;1;1;1;6;1;7;5;5;1;7;6;4;2;1;1;1;1;1;3;1;1;5;4;5;3;1;4;3;2;1;2;3;2;3;3;3;2;3;4;3;3;3;1;3;2;3;3;3;3;1;4;2;1;1;2;1;2;3;1;4;1;2;3;1;3;3;2;3;3;2;4;2;2
751;EN;CRA1994;26;2;1;4;4;4;2;2;4;4;5;4;5;4;3;4;3;4;1;1;3;4;4;2;2;2;2;2;4;5;3;1;6;4;6;3;2;7;1;3;5;3;3;2;4;4;6;1;5;5;3;5;3;7;2;4;2;1;6;5;5;4;4;4;3;2;2;2;2;2;2;1;1;1;3;2;3;3;2;2;2;3;2;2;3;4;2;2;3;3;3;3;2;3;3;3;2;3;2;2;4;4;2;3;2;3;3;4;3;4;4;2;2;3;3;3;4;3;3;4;3;2;2
1019;EN;ALI2001;19;2;1;5;5;5;4;5;4;5;2;5;4;3;1;5;4;4;3;1;5;2;1;2;1;4;5;2;1;3;6;5;3;1;7;7;7;7;1;1;6;5;5;2;6;1;1;1;1;3;1;1;1;7;1;6;6;2;1;7;5;4;5;5;5;2;4;2;1;1;3;4;4;5;4;1;4;4;3;1;1;4;1;4;3;4;3;2;4;4;4;4;1;4;3;4;3;3;4;2;1;2;2;4;1;4;2;1;3;1;4;2;1;3;3;3;1;4;3;1;3;4;1
17911;EN;AHM1991;29;2;1;4;4;4;3;4;4;4;4;3;4;3;2;3;4;4;1;1;2;3;1;3;3;3;3;3;4;5;6;1;3;3;6;5;2;3;5;2;5;4;4;1;6;5;1;1;5;5;1;5;2;7;1;7;2;7;3;6;6;5;5;4;4;4;1;1;1;1;2;4;1;4;5;2;3;4;3;1;3;4;1;4;3;4;2;2;3;3;4;2;2;3;2;4;3;2;3;1;3;1;3;1;1;3;2;2;3;2;3;1;1;3;3;3;2;3;3;1;2;2;2
9689;EN;AHM2000;20;2;1;5;4;5;2;5;5;3;4;3;3;3;3;4;4;4;1;1;4;2;1;2;2;3;5;2;5;1;6;2;3;3;6;4;3;3;6;5;5;5;4;4;5;4;1;1;4;4;1;4;1;7;1;7;6;1;5;7;7;5;5;5;3;3;1;4;2;4;3;5;2;4;4;4;4;4;3;1;2;4;3;3;3;4;3;1;4;3;4;4;3;4;4;3;4;3;3;1;4;2;2;4;1;4;3;2;2;3;3;2;2;2;2;2;2;4;2;2;3;3;2
1535;EN;NAV2001;19;4;1;3;5;4;4;4;1;3;5;4;3;3;1;3;4;4;5;5;5;5;5;5;5;4;3;4;5;4;6;4;5;5;6;3;5;7;7;2;3;4;2;3;4;4;1;6;4;2;4;5;1;5;5;5;4;1;7;5;5;5;4;3;4;4;3;4;2;4;3;5;5;2;5;4;3;3;3;2;1;3;2;4;4;4;1;3;3;3;3;3;2;2;3;3;3;3;2;1;3;2;3;2;3;2;1;2;3;2;3;4;3;3;3;3;2;2;4;3;2;3;2
987;EN;AHM2001;20;1;1;2;1;1;4;1;1;2;1;1;1;1;1;2;2;2;1;1;2;2;1;2;2;3;4;3;4;6;5;6;6;6;5;4;6;6;1;1;2;1;3;3;1;1;1;1;1;1;1;1;2;7;1;7;1;5;3;5;6;4;5;4;4;2;3;2;2;2;2;3;3;3;4;3;3;3;2;2;2;3;3;3;3;4;2;3;3;3;4;4;2;3;3;3;3;3;3;2;2;2;3;2;1;4;2;3;2;3;3;2;3;2;2;2;2;4;2;3;4;3;2
1141;EN;Bed1972;48;2;2;5;4;4;4;3;2;4;3;5;2;2;5;3;3;1;1;2;4;5;4;4;2;2;4;3;6;3;7;3;5;3;7;7;6;5;2;2;2;6;7;3;3;1;4;3;2;1;2;6;7;6;4;1;2;4;6;4;4;4;1;4;4;2;2;2;2;2;2;4;4;2;4;2;3;4;3;3;2;2;2;3;3;3;2;2;3;3;3;3;2;3;3;3;3;2;3;1;4;4;1;1;1;3;3;3;3;2;3;2;2;3;2;2;3;2;2;1;3;2;3
1641;EN;Bro;33;2;2;1;5;3;4;4;1;2;1;3;1;1;1;4;1;3;1;1;1;1;1;1;4;4;4;5;5;4;7;7;5;1;7;7;7;3;1;1;1;1;1;1;1;1;1;1;1;1;7;5;1;4;1;1;7;1;1;7;1;5;3;5;1;5;3;3;2;4;3;5;4;5;5;5;4;4;4;1;4;4;3;4;4;4;3;4;4;4;4;4;1;4;3;4;4;4;3;1;2;2;4;1;2;1;2;2;1;4;4;1;2;3;3;3;4;4;1;2;3;4;1
2145;EN;Ham1954;66;2;2;3;5;3;3;4;5;4;4;3;4;2;4;4;4;3;1;1;2;2;2;4;4;3;4;4;2;7;7;2;4;2;7;7;6;3;4;4;2;2;5;3;3;3;4;1;3;1;3;4;4;7;1;4;7;1;3;6;5;5;4;5;5;5;1;2;1;3;2;5;4;4;5;5;3;3;3;1;1;4;1;1;4;4;2;2;4;4;4;4;1;3;3;3;3;3;4;1;3;4;4;1;3;3;4;4;4;1;3;3;1;1;3;3;4;4;1;1;4;1;4
1228;EN;WIL1978;42;2;2;4;4;4;5;4;3;4;3;4;3;3;4;4;4;4;1;1;2;3;1;5;3;3;5;4;6;3;6;6;6;3;6;3;6;5;5;5;6;6;6;7;6;6;7;3;4;7;5;6;6;7;4;7;7;5;6;7;7;5;5;5;4;5;3;1;1;1;4;4;1;5;5;5;3;3;1;1;1;3;1;3;3;4;4;4;3;4;4;4;1;3;3;3;3;4;1;1;3;1;3;4;1;3;2;3;2;2;3;3;3;3;1;3;1;1;3;2;2;3;3
1014;EN;Bur1985;35;2;2;2;3;4;5;4;2;2;3;4;2;1;2;3;2;2;1;1;4;5;3;3;1;3;3;4;6;3;7;3;4;3;3;3;5;3;7;1;1;1;5;2;3;1;2;1;1;1;1;4;1;7;1;2;3;1;2;4;7;5;5;5;5;5;1;1;1;1;1;5;2;4;5;5;3;4;2;1;2;3;3;3;3;3;3;4;3;3;4;3;2;3;3;3;4;3;3;1;3;2;2;1;1;3;2;2;4;2;1;2;2;1;3;1;1;2;1;1;4;2;4
1736;EN;ULL2001;20;2;1;5;4;4;5;4;5;5;4;4;3;5;5;4;4;2;3;5;5;5;5;3;3;5;5;5;5;6;7;3;5;2;7;7;6;4;2;4;6;7;6;3;6;4;5;5;4;6;4;4;6;7;4;7;7;5;6;7;7;4;5;4;4;2;2;3;2;4;3;2;1;1;4;2;4;4;2;2;1;3;2;4;4;3;2;4;4;4;4;3;1;3;3;3;3;4;3;1;2;1;3;4;3;4;4;3;3;1;3;2;3;2;3;1;1;4;2;1;4;3;1
2273;EN;GOL2001;19;2;1;5;4;5;3;2;1;1;1;5;3;3;1;1;5;3;5;5;5;5;5;1;1;1;1;1;6;3;7;5;5;2;7;7;7;7;7;1;3;6;1;1;1;3;1;7;3;5;3;6;1;6;5;2;2;1;7;1;7;5;5;5;5;5;4;2;1;2;1;4;1;1;2;1;4;4;4;1;1;4;2;4;4;4;3;1;4;3;4;4;1;4;4;4;4;4;4;3;3;1;4;4;1;3;1;1;1;1;3;4;1;4;1;4;1;1;4;4;1;4;1
1050;EN;GAR2001;19;2;1;4;3;4;2;3;3;3;4;2;4;5;3;3;5;4;4;4;4;5;5;2;2;4;3;3;5;5;6;2;5;6;5;5;3;6;6;4;6;5;3;3;5;3;4;5;5;5;4;6;4;5;6;5;4;3;7;4;4;5;5;4;3;3;5;2;3;4;3;4;4;4;4;4;3;4;2;2;3;2;2;4;3;3;2;3;3;3;3;2;2;2;2;3;2;3;3;2;1;2;4;4;2;4;2;3;3;1;3;2;1;2;2;3;2;3;2;2;2;2;1
1778;EN;GUI1995;25;1;1;3;3;2;4;3;4;4;4;4;2;3;2;3;2;4;3;4;5;5;5;3;2;2;2;2;3;7;7;6;3;3;3;7;6;4;5;4;5;4;6;3;5;4;4;6;4;5;4;5;3;5;4;6;4;2;7;4;7;3;4;2;2;1;2;2;2;2;1;4;4;2;4;1;3;3;2;1;3;3;2;2;2;3;2;3;3;2;3;3;1;2;3;3;3;2;4;2;4;4;2;1;1;4;1;2;3;3;3;1;1;2;2;1;2;4;3;1;4;3;2
1219;EN;NOR1995;25;2;1;3;3;3;4;4;4;3;4;3;2;5;3;5;4;5;4;1;4;5;5;3;2;1;3;4;4;6;7;3;5;4;7;5;3;7;4;4;6;3;4;2;5;3;6;2;4;6;4;7;7;6;2;4;3;4;7;7;6;4;4;4;4;2;1;1;1;1;1;3;3;2;5;3;4;4;1;1;1;4;2;4;4;4;1;4;4;4;4;4;1;4;4;3;4;4;3;1;4;2;2;3;2;1;2;3;3;4;1;3;2;2;1;1;2;3;1;1;3;1;3
1455;EN;CAM2001;20;2;1;4;4;3;2;4;2;2;3;2;4;3;4;4;4;4;3;2;3;2;4;3;3;3;4;3;6;6;5;3;6;4;7;5;2;3;7;4;5;6;5;4;5;5;4;1;3;5;4;7;6;7;5;7;4;2;7;5;7;5;5;4;4;3;3;3;2;4;3;5;1;5;5;5;4;4;1;2;2;4;1;4;4;4;1;4;4;4;4;4;1;4;4;4;4;3;3;3;4;2;2;2;2;2;2;2;1;4;3;3;1;3;2;2;4;4;2;2;3;3;4
10144;EN;Khatun 2000;20;2;1;4;2;4;2;4;2;3;3;2;3;2;2;2;2;3;1;1;1;1;2;2;1;2;4;4;2;3;7;2;6;1;6;5;5;5;5;1;1;1;1;1;1;1;1;1;6;1;1;1;1;7;1;6;1;6;1;6;6;5;4;5;5;2;1;2;1;3;2;3;2;4;3;2;3;3;3;2;3;4;1;3;3;3;2;2;3;4;3;3;2;2;2;3;2;2;3;2;3;3;2;1;1;4;2;3;1;4;3;2;2;1;3;2;1;3;1;1;3;1;2
2007;EN;KEL1968;52;2;2;4;3;3;3;3;2;3;3;4;2;3;4;3;3;2;4;2;4;4;4;3;2;3;3;3;5;7;6;5;5;4;7;7;7;7;7;5;5;7;6;6;5;6;6;5;7;5;5;5;6;7;6;6;6;6;7;6;6;5;4;4;3;2;3;2;1;2;3;4;4;2;5;2;4;3;1;1;2;3;1;4;4;4;2;4;3;3;4;4;1;4;3;3;3;3;3;1;2;4;2;2;2;4;1;2;1;1;4;2;1;3;3;1;1;4;3;3;4;2;4
3472;EN;MIM1999;21;1;2;2;3;3;4;3;1;1;2;2;4;4;1;3;3;4;3;3;3;3;4;3;3;2;4;4;1;5;4;1;2;1;6;6;4;3;5;4;5;2;1;3;4;5;2;5;4;5;4;4;2;5;5;6;6;3;6;6;7;5;5;4;5;2;3;2;3;4;3;5;3;4;4;2;3;2;3;3;1;2;2;3;2;3;2;3;2;3;3;3;1;3;2;2;1;3;1;1;4;2;2;1;3;3;2;4;3;4;2;1;3;1;2;1;2;4;1;4;4;2;4
956;EN;BOU2001;20;2;1;2;2;2;2;4;1;4;2;1;4;1;2;2;1;1;1;2;2;1;1;2;4;4;4;4;6;5;6;6;7;3;6;6;5;5;1;1;1;1;1;2;1;1;1;1;1;1;1;1;2;5;1;5;1;7;1;3;3;1;2;1;1;1;1;1;2;1;1;1;2;1;1;1;3;4;2;2;2;4;2;3;3;4;2;3;3;3;4;3;2;2;3;3;3;4;4;2;4;2;2;1;1;3;2;2;1;4;3;1;3;2;2;2;1;4;1;1;3;3;3
1019;EN;HUS2000;20;2;2;2;2;3;3;2;3;2;2;2;2;2;1;3;3;2;1;1;1;2;2;2;2;2;4;4;2;5;4;2;4;4;6;4;3;3;1;1;1;1;1;1;1;1;1;1;1;1;1;1;1;4;1;6;1;1;1;4;1;3;5;2;3;3;2;2;2;2;1;4;3;3;3;2;3;4;3;2;2;2;2;4;3;4;2;2;3;3;4;3;2;3;2;2;2;3;3;2;3;3;3;1;3;3;3;3;3;3;2;2;3;2;2;2;3;2;3;2;3;3;2
1145;EN;RAH1994;26;2;1;2;4;2;4;4;4;4;2;4;3;2;2;2;2;2;2;1;2;3;3;2;2;4;4;2;3;6;5;3;6;2;6;2;6;4;2;2;2;2;5;2;5;2;2;2;2;2;2;2;2;6;1;6;2;2;2;6;6;3;5;3;4;2;1;2;2;4;3;2;2;3;4;1;4;4;3;1;2;3;2;3;3;4;3;3;4;4;4;4;1;3;4;3;3;3;3;1;3;1;3;2;1;2;2;3;2;3;2;2;2;1;2;3;2;3;3;2;2;3;2
1149;EN;ZAV00;20;2;1;4;3;3;3;2;4;3;4;4;4;4;3;3;4;3;4;1;4;3;4;2;2;4;4;2;6;4;7;6;7;3;7;7;6;6;4;2;4;5;5;6;4;4;1;1;4;5;4;6;2;6;1;6;6;1;5;1;6;4;4;5;2;3;1;3;2;3;4;5;2;5;5;1;4;3;1;1;1;3;1;4;3;4;1;1;3;3;4;4;1;4;3;3;3;3;3;1;2;2;2;2;1;4;1;4;1;1;2;2;2;1;1;1;1;3;1;3;4;2;3
1116;EN;JOH2001;19;1;1;5;4;2;5;5;3;4;4;2;4;4;5;3;5;5;5;5;4;5;5;2;3;1;2;4;3;2;5;4;3;1;5;7;5;7;6;4;4;6;4;5;4;4;3;6;4;5;5;7;6;5;4;1;5;2;6;5;3;5;1;4;4;2;1;2;1;3;2;4;3;4;4;4;2;3;4;3;2;1;4;2;2;3;4;1;1;2;2;1;3;2;1;1;1;1;4;3;2;2;4;3;1;4;1;3;1;1;4;3;1;4;2;3;1;3;2;3;3;3;1
1555;EN;HID2000;20;2;1;2;3;2;3;2;2;2;3;2;4;4;1;4;3;3;2;1;2;2;2;3;3;5;5;3;5;4;5;3;7;3;5;2;4;3;4;4;4;3;3;3;4;4;3;2;4;4;4;5;3;6;4;7;5;3;4;7;4;5;4;5;3;2;1;2;2;4;2;5;3;5;5;4;3;3;3;2;2;3;3;2;3;4;2;3;3;3;3;3;2;2;2;3;2;3;4;1;4;2;3;2;2;2;2;4;2;1;2;1;2;3;4;4;1;2;1;1;2;3;2
685;EN;Noo2000;20;2;1;3;4;3;4;5;1;4;3;4;3;2;4;5;4;3;4;4;4;5;4;3;3;2;4;3;5;6;5;7;5;3;6;7;6;6;7;4;4;5;1;6;1;2;1;6;1;4;4;4;4;6;5;7;5;1;5;5;6;3;2;4;3;1;2;3;1;3;2;5;4;2;3;1;3;4;2;1;1;4;1;3;3;3;2;3;4;4;4;4;1;3;3;3;2;4;3;2;2;1;3;4;1;4;1;2;1;2;4;4;2;3;2;3;2;4;1;1;3;3;2
901;EN;Pea;43;1;2;2;1;5;4;5;4;5;5;5;3;4;5;4;5;4;4;4;5;4;4;4;3;2;4;2;6;1;7;2;7;6;7;4;4;7;2;1;6;7;5;1;2;1;2;5;2;1;4;7;3;7;2;3;5;2;7;7;7;5;1;5;5;5;5;5;5;5;5;5;1;3;5;5;4;4;1;1;1;4;4;4;4;4;1;4;4;4;4;4;1;4;4;4;4;4;3;3;3;4;4;1;4;1;1;1;1;4;4;3;1;1;1;3;4;4;2;4;2;3;2
1023;EN;Moo1962;58;2;1;3;3;4;3;3;4;4;4;4;2;3;1;3;2;4;1;1;1;1;2;4;4;2;3;4;6;6;6;7;5;7;7;7;7;2;4;6;6;5;2;4;4;5;5;1;1;2;5;4;1;6;2;6;7;5;6;7;7;4;4;4;4;4;1;1;1;2;1;2;1;4;5;2;4;3;1;1;1;4;3;3;3;3;3;4;4;4;3;4;2;3;3;3;3;3;4;1;1;3;1;1;3;3;2;2;2;4;2;2;1;1;1;3;2;2;3;3;4;1;4
11902;EN;PAY1977;43;1;2;4;2;3;2;3;4;3;4;4;1;2;1;3;3;2;4;3;5;5;5;2;3;1;1;3;6;3;6;3;5;5;6;5;5;6;1;1;4;5;5;5;1;1;1;7;1;4;1;5;1;5;1;1;4;1;7;3;5;1;4;3;4;3;2;3;3;3;2;4;4;4;4;2;2;3;3;2;3;3;2;2;3;3;3;3;3;3;3;3;2;3;3;3;3;3;2;1;3;1;2;1;2;3;3;2;2;2;2;3;2;2;2;2;2;1;1;2;3;3;3
721;EN;Bur1982;38;1;2;2;3;2;3;3;2;1;1;2;1;1;1;3;1;3;1;1;2;3;4;4;1;1;4;3;2;6;5;6;4;5;3;5;6;3;1;1;1;1;1;4;1;2;1;2;1;1;1;2;1;3;1;3;1;1;3;3;1;5;1;5;3;2;2;2;2;2;2;5;4;2;5;2;2;2;3;1;2;4;2;4;3;3;3;3;3;3;2;3;2;3;4;3;3;1;4;3;1;1;3;2;1;2;1;1;4;1;2;1;1;2;2;3;2;2;2;3;2;3;3
1114;EN;AHM1997;23;1;1;3;4;5;2;5;2;3;2;3;4;2;3;4;4;3;1;1;1;1;2;1;1;2;2;2;7;7;6;3;7;3;7;6;7;6;4;4;5;5;4;2;5;4;4;2;4;6;4;4;4;5;4;7;5;5;5;6;4;5;4;3;4;4;2;2;2;4;4;3;1;2;3;1;4;4;1;1;1;3;1;3;4;4;1;3;4;4;3;4;1;3;3;3;3;4;3;1;2;1;3;1;1;4;1;1;1;1;4;3;2;2;2;1;1;3;1;2;2;3;2
2451;EN;HAY1978;42;1;2;4;4;4;3;3;2;2;3;4;1;2;3;4;4;4;2;2;4;4;4;4;4;2;1;1;4;7;6;3;5;3;7;5;3;3;5;5;5;6;5;6;6;6;3;5;3;3;6;7;6;7;6;4;7;1;7;5;7;4;5;3;4;4;3;4;3;2;2;3;2;3;4;3;4;4;3;1;2;3;1;4;4;3;4;3;3;4;2;3;1;3;3;3;3;3;3;2;4;2;2;1;2;1;1;4;3;3;1;3;3;2;3;2;3;3;3;4;3;3;3
1422;EN;MOR1965;55;2;2;2;5;5;4;4;2;5;4;5;3;3;3;3;2;2;4;1;5;5;4;3;3;2;3;4;4;4;6;6;6;7;6;6;7;4;5;5;5;6;6;2;6;4;5;1;5;6;6;6;5;6;1;6;6;5;6;6;7;5;4;3;2;2;1;2;2;1;2;4;4;2;5;4;2;4;1;1;3;4;2;3;3;3;3;4;3;4;4;4;1;4;3;4;3;1;3;1;1;3;1;1;2;3;1;2;1;2;4;3;1;1;1;3;4;1;1;4;4;4;1
403197;EN;HUS001;19;2;1;2;2;3;3;2;3;3;3;2;4;4;2;3;2;3;2;1;2;1;1;2;4;3;3;2;5;1;5;6;6;5;6;5;5;6;2;2;4;3;2;5;5;2;1;1;4;4;6;4;2;7;4;7;2;2;3;7;7;5;4;4;4;2;4;4;1;4;4;4;4;4;4;3;4;4;2;1;1;3;1;4;4;4;3;3;4;4;4;4;2;3;4;3;3;3;2;2;3;4;2;3;3;1;2;2;3;3;1;1;1;3;3;2;1;2;2;3;2;3;3
649;EN;Vak2000;21;2;1;5;5;5;4;5;2;4;2;3;4;3;2;4;4;5;1;2;2;1;1;3;4;2;3;4;6;6;3;3;5;6;7;6;3;5;5;6;6;7;2;5;4;1;1;1;5;3;5;1;1;7;1;7;6;1;1;7;6;5;5;5;5;5;2;5;1;2;2;4;4;2;5;1;3;4;2;2;2;3;1;3;3;4;1;3;4;4;4;4;1;3;3;3;2;4;2;1;4;3;3;1;2;1;2;3;1;3;1;1;3;1;1;1;1;2;4;1;4;1;4
1258;EN;HAL1977;43;2;1;4;1;5;5;4;2;5;5;4;2;5;2;4;2;5;5;1;2;3;5;3;4;4;5;5;6;7;7;3;5;5;7;7;6;1;4;4;6;5;6;6;6;6;7;2;7;6;4;5;4;6;7;6;7;7;7;7;6;5;5;5;4;2;1;1;1;3;2;1;1;2;2;2;4;3;1;1;2;4;1;4;2;4;1;3;3;3;3;4;1;4;2;3;2;2;4;1;2;2;3;1;2;4;4;3;2;1;4;1;3;1;2;1;1;3;1;1;1;4;2
937;EN;fgt3457;41;1;2;4;2;3;3;2;2;3;4;3;4;5;2;4;4;5;1;1;4;3;3;4;2;1;1;1;2;4;5;6;4;3;3;5;5;5;4;5;5;5;5;4;5;4;4;3;3;6;3;4;2;2;2;1;2;6;3;1;5;5;5;3;4;2;3;2;3;3;2;5;5;2;5;3;3;2;3;2;3;3;3;2;2;3;2;2;2;2;2;2;2;2;2;2;3;1;3;3;2;3;4;3;1;4;1;2;1;1;4;3;2;3;2;3;2;1;4;4;1;4;2
1211;EN;OLA1989;31;2;1;4;4;3;4;4;3;4;4;4;3;3;4;4;3;4;2;1;2;2;4;2;2;3;3;2;5;6;3;7;6;3;4;3;6;4;4;6;6;6;6;1;5;5;5;2;4;5;2;7;5;7;5;4;1;4;5;6;6;3;4;2;2;1;1;1;1;2;1;4;3;2;4;1;4;3;3;1;3;3;2;3;2;3;2;4;3;3;3;3;1;2;2;2;2;2;3;1;3;3;3;2;2;2;2;4;1;2;2;1;2;1;3;2;2;3;1;1;2;2;2
953;EN;FAG1996;25;2;1;2;4;3;4;4;1;3;2;2;2;3;2;3;2;3;4;5;5;5;5;3;4;4;4;5;2;2;7;2;6;1;6;5;3;7;6;3;4;3;1;1;4;5;2;6;4;5;4;5;2;5;7;6;5;1;6;5;3;1;4;2;5;2;3;4;3;4;4;2;2;2;4;4;3;4;3;1;2;3;2;4;4;3;2;1;3;3;3;3;1;3;3;3;3;3;3;3;2;1;4;3;1;4;1;2;3;1;3;3;2;4;3;3;2;2;4;3;2;3;2
2055;EN;Dav1998;22;2;2;5;5;4;5;5;4;4;4;4;5;4;4;3;5;5;5;4;4;5;5;5;5;5;5;5;4;6;3;1;7;2;7;2;1;7;7;3;6;5;2;6;5;7;4;6;6;6;4;6;4;7;7;7;6;3;7;7;6;5;1;2;5;3;4;1;1;3;2;4;4;5;5;5;4;4;2;2;1;4;1;3;4;4;2;3;4;4;4;4;1;4;4;4;4;4;3;1;2;2;3;3;2;4;1;2;3;2;4;3;3;3;3;4;1;2;2;3;1;3;4
1307;EN;JAG1994;26;2;1;4;2;3;1;1;1;4;4;3;5;4;4;3;5;3;3;2;1;2;4;1;2;2;2;4;5;2;5;1;6;3;6;5;5;5;5;4;5;7;7;1;7;1;4;1;4;5;4;5;3;5;2;5;3;1;3;5;5;3;4;4;5;1;4;2;2;2;2;1;1;2;4;4;3;4;4;2;3;2;2;4;2;3;2;1;2;3;3;3;1;3;2;3;3;2;4;1;4;2;3;3;1;4;2;2;4;2;2;3;1;3;3;2;1;3;2;1;4;1;4
808;EN;Isl2001;19;1;2;4;4;2;3;4;2;3;1;3;2;2;1;4;3;2;1;1;1;1;1;1;3;3;2;3;7;5;5;6;5;6;7;6;5;5;2;2;2;2;2;2;2;2;2;2;2;2;2;2;2;6;2;6;2;7;2;6;2;3;3;3;4;3;3;1;3;1;3;4;1;4;3;2;4;4;2;1;3;4;1;3;3;4;3;3;4;2;4;3;2;3;3;3;2;3;3;3;4;2;3;1;2;4;1;3;2;4;1;4;2;3;3;1;1;3;4;2;4;3;4
1127;EN;DEA2001;19;2;1;3;4;2;3;4;4;2;4;4;2;3;1;3;2;4;4;2;4;4;4;2;2;3;3;3;6;2;5;3;5;3;5;3;2;5;6;4;4;3;1;7;1;6;2;1;3;4;5;5;1;7;4;6;5;1;4;5;6;4;2;4;4;2;2;2;2;3;2;4;5;4;5;4;4;3;2;2;2;3;3;4;4;4;3;3;3;3;4;4;1;3;3;4;3;2;3;1;3;2;2;3;3;2;3;4;1;4;2;3;3;1;3;1;1;3;1;2;4;1;3
1138;EN;Amm2001;19;2;1;2;4;3;2;2;1;2;2;3;1;2;1;3;2;2;4;4;5;4;5;2;1;1;2;1;1;3;2;2;5;1;5;2;2;6;6;5;5;5;4;3;6;3;4;6;3;3;5;3;3;4;5;1;1;5;7;2;5;4;5;1;4;2;2;2;3;2;1;4;4;4;3;2;2;2;3;3;2;3;2;3;3;2;2;2;3;3;2;3;1;3;2;2;3;3;3;1;4;4;1;1;3;3;4;4;3;4;1;2;2;2;4;1;2;4;1;1;4;1;4
984;EN;ALI1997;24;2;1;4;3;4;4;5;3;4;3;3;5;4;3;4;5;3;2;2;2;2;3;4;4;4;5;5;6;5;6;2;6;2;7;5;6;5;4;4;5;5;2;2;5;4;5;2;6;6;4;5;4;5;4;7;5;4;4;7;5;5;1;4;3;5;2;4;2;2;2;4;4;4;2;2;3;4;3;2;3;2;2;3;2;4;1;3;3;2;4;3;1;2;2;3;2;4;3;1;2;3;3;2;2;2;2;2;2;3;1;2;3;1;3;3;3;3;3;2;3;3;2
1636;EN;DIM1998;22;1;1;4;3;4;1;5;4;4;4;4;3;4;2;4;3;2;4;1;4;5;4;3;3;1;3;3;2;6;5;3;2;1;6;3;6;2;5;4;6;4;4;2;6;5;2;7;3;6;3;6;1;5;6;5;5;1;7;5;4;3;4;2;2;1;1;1;3;1;1;4;1;1;5;1;4;2;2;1;3;3;2;3;2;3;2;4;1;3;1;3;1;3;1;3;1;2;3;1;4;3;2;3;1;4;1;4;4;2;3;3;2;1;3;1;1;3;1;1;4;1;2
947;EN;ALA2001;19;2;1;4;2;5;3;4;2;4;3;2;3;2;2;2;2;3;2;1;2;3;2;2;2;2;2;2;5;3;5;4;5;4;6;5;4;4;5;4;4;4;4;5;4;4;4;2;5;4;5;3;3;5;3;5;3;4;2;4;5;4;4;3;3;3;4;3;3;3;3;3;3;3;2;2;3;3;2;2;2;3;2;3;3;3;2;3;3;3;3;3;2;3;3;3;2;2;4;2;3;2;3;3;2;4;1;3;3;3;3;2;3;3;3;3;1;3;3;2;2;3;2
662;EN;Hum1996;24;2;1;4;2;4;4;4;1;2;1;2;4;2;1;1;1;3;1;1;2;1;2;4;2;4;5;3;6;5;5;3;6;5;7;6;6;3;5;3;2;1;2;6;2;2;2;2;3;2;6;2;1;4;1;7;2;6;2;7;6;5;4;4;5;4;2;2;3;3;2;4;2;4;2;4;3;4;2;2;2;4;1;3;3;3;2;3;3;3;4;4;1;3;3;2;2;3;3;3;2;2;3;2;1;4;1;2;2;2;4;3;2;3;1;3;1;3;3;2;2;4;2
1447;EN;MON1995;25;2;1;4;3;3;3;3;2;3;4;3;3;2;2;3;3;3;3;2;2;3;4;3;3;2;3;3;5;5;5;4;7;2;7;6;7;6;4;4;4;5;3;5;2;4;4;1;3;5;3;3;2;7;2;7;6;3;3;7;4;5;5;4;3;3;4;3;3;3;4;3;2;4;4;2;4;3;1;1;2;3;2;4;4;4;1;4;4;4;4;4;2;4;4;3;3;4;4;4;2;3;3;3;1;3;1;3;2;2;3;2;2;3;2;2;1;3;2;2;2;2;2
1055;EN;Moh2000;20;2;1;4;3;5;5;3;1;3;1;1;5;2;1;2;3;5;1;1;1;1;1;2;3;3;4;5;4;3;7;3;5;1;7;7;7;7;1;1;1;3;4;1;1;1;6;1;7;4;1;1;1;6;1;6;1;7;1;7;7;5;5;3;3;3;2;2;2;3;3;4;4;4;4;1;4;3;3;1;2;3;1;4;4;4;3;3;4;4;4;4;1;3;2;2;3;3;4;1;4;2;1;4;1;1;2;4;2;4;2;2;2;3;2;3;1;2;2;2;3;4;1
762;EN;Cir ;1998;2;1;5;5;5;5;5;2;4;4;5;4;4;4;4;5;5;3;4;2;5;4;2;4;4;5;5;6;3;7;3;7;2;7;5;6;7;7;5;5;7;6;5;7;5;5;4;5;7;7;7;6;7;7;7;5;5;7;7;6;4;5;5;4;3;4;1;1;3;2;4;3;3;4;2;4;4;2;1;1;4;1;4;4;3;2;4;4;3;4;3;1;4;3;3;3;4;4;2;2;2;1;4;1;3;3;3;1;2;3;4;2;1;1;1;1;4;2;3;4;2;1
882;EN;Ali2000;20;1;1;3;3;3;3;4;2;3;2;1;3;3;1;4;3;4;2;1;2;1;3;2;2;5;4;3;6;3;5;7;6;4;2;2;7;2;2;2;2;2;2;2;2;2;2;2;2;2;2;2;2;5;2;7;4;2;2;3;6;4;1;3;3;4;4;4;3;4;3;4;1;4;5;2;4;3;1;2;2;3;4;4;3;4;4;3;2;4;2;4;2;3;3;3;4;3;4;3;2;1;3;3;2;3;2;3;2;2;2;2;2;2;2;3;4;2;3;3;3;3;2
1391;EN;KIM1998;22;2;1;5;2;4;3;4;5;4;5;2;4;5;4;5;5;4;1;1;3;3;5;3;3;2;3;4;1;3;6;2;7;1;7;5;3;6;4;4;6;6;4;3;4;6;4;5;5;6;4;6;5;6;4;6;3;2;7;6;6;4;5;2;4;2;4;1;1;3;3;4;3;5;4;2;4;4;3;2;2;3;1;4;3;3;2;3;3;3;4;3;3;3;3;3;3;4;3;1;3;2;2;1;2;4;2;2;2;1;3;2;3;2;3;2;1;3;2;2;3;3;3
1407;EN;Flo1997;23;2;1;5;4;3;4;3;2;1;5;2;5;5;4;4;5;5;5;4;5;5;5;3;4;4;4;4;2;3;7;3;6;1;5;7;6;4;7;2;5;7;2;6;1;6;1;4;4;6;6;6;6;1;5;5;6;1;7;6;7;4;4;4;2;2;5;1;1;4;5;5;5;3;5;2;3;2;4;1;2;4;1;4;4;3;2;2;3;2;4;3;3;4;3;2;3;2;4;3;1;1;4;4;1;4;1;1;3;1;4;4;1;4;1;3;4;1;3;1;1;2;1
787;EN;RD1995;25;2;1;5;3;5;4;4;1;3;1;1;3;3;2;3;3;4;1;1;2;1;1;3;3;4;4;4;4;6;6;4;4;4;7;5;5;6;4;4;4;5;1;2;1;6;2;1;4;2;4;1;4;5;3;7;4;4;1;7;6;5;5;4;4;3;4;3;3;2;3;4;4;3;4;4;3;4;2;2;2;3;3;3;3;3;3;3;3;4;3;3;2;3;3;3;2;4;1;2;2;2;3;3;2;1;2;2;3;1;2;1;2;2;2;2;1;1;2;1;3;3;2
2538;EN;Sch1998;23;1;1;3;4;4;5;3;1;3;2;2;3;3;4;3;4;3;4;4;4;5;5;4;2;1;5;1;2;3;6;2;5;3;6;3;3;4;6;5;4;5;2;6;5;6;3;7;4;5;5;5;4;3;6;3;2;5;7;5;7;5;5;2;4;4;3;2;2;3;2;5;4;4;4;3;3;3;4;2;3;4;3;3;3;4;2;2;3;4;3;3;2;3;1;3;2;4;2;1;2;1;3;3;2;4;1;3;2;2;3;2;3;2;3;3;1;2;3;4;3;4;3
746;EN;HAD1998;22;2;1;4;2;3;3;3;2;3;1;3;5;3;2;3;4;4;1;1;1;1;1;2;4;4;4;5;5;5;7;3;6;6;5;5;3;5;1;2;5;5;3;2;3;1;4;1;3;6;1;1;4;5;1;7;7;1;1;7;6;5;4;4;4;4;1;1;3;4;2;2;1;4;5;5;3;3;2;1;3;3;1;3;3;4;1;3;3;3;3;4;2;3;3;3;2;3;3;3;2;4;3;3;1;2;2;3;2;1;1;2;2;2;2;3;3;4;2;4;1;2;3
1202;EN;NIS2002;18;3;1;4;5;4;2;4;4;4;5;3;5;5;3;4;5;5;5;2;4;5;5;2;3;4;3;3;6;5;5;3;7;2;5;1;4;7;6;7;5;5;4;5;7;6;5;5;6;7;6;6;6;4;7;4;5;5;6;5;5;4;1;2;5;1;4;1;1;2;3;5;2;5;4;2;2;1;4;3;4;2;2;3;1;3;2;3;3;2;2;1;1;1;1;2;1;2;3;1;4;4;4;4;2;3;4;2;3;1;2;1;2;1;2;1;1;2;1;1;3;3;2
930;EN;AKT2000;20;2;1;4;2;4;5;4;2;3;2;2;4;3;2;3;4;3;1;1;1;1;3;3;3;4;4;3;6;7;3;3;4;5;6;5;4;3;3;1;1;4;1;4;1;1;1;1;2;3;2;1;2;6;1;6;6;6;1;1;5;5;4;5;5;3;2;3;2;3;3;4;5;3;4;4;3;3;2;1;2;3;2;3;3;3;2;3;4;4;4;4;1;3;3;4;3;3;3;2;2;3;2;1;3;2;3;3;3;3;2;3;3;2;3;2;2;3;2;2;4;3;4
928;EN;ROB2001;19;1;1;3;2;2;3;3;1;2;4;2;2;4;1;2;2;3;4;2;4;5;4;3;2;2;4;5;5;6;6;7;7;4;6;6;6;2;5;3;4;3;2;6;4;4;2;3;4;4;4;3;2;5;5;7;5;2;7;4;1;5;5;3;4;2;4;2;2;2;4;5;5;5;5;2;3;3;4;2;3;3;2;4;3;3;2;2;2;3;2;2;1;3;2;3;3;3;2;1;2;1;3;4;1;1;1;3;2;3;2;3;3;2;4;3;4;3;1;3;3;3;2
1427;EN;WAT1997;23;2;1;4;4;4;3;5;4;4;5;2;3;3;3;4;3;3;4;3;3;5;5;4;3;2;3;2;1;5;1;3;6;1;3;2;3;5;7;4;6;5;3;2;4;5;3;5;4;4;4;5;3;3;7;4;2;1;7;4;6;5;4;4;4;4;3;3;3;4;3;3;4;4;4;5;2;2;4;3;4;3;3;2;3;3;3;1;3;3;2;3;3;3;3;3;3;2;2;1;4;1;2;2;3;2;3;2;3;3;2;3;3;2;2;3;2;2;3;3;2;3;2
895;EN;HSU1987;33;2;1;3;3;4;1;2;4;1;3;2;4;3;1;4;2;2;5;4;5;5;5;2;4;4;4;1;2;5;6;2;7;1;6;5;3;6;5;1;4;3;1;6;5;5;3;7;5;3;1;5;1;6;6;5;3;1;7;4;4;5;5;4;4;4;4;2;1;5;4;5;5;2;5;4;3;4;4;2;2;3;2;3;2;4;3;1;3;4;3;4;2;2;2;3;2;3;4;1;1;4;3;3;1;4;1;1;1;1;4;1;2;4;2;4;1;4;3;4;1;4;2
2505;EN;JAM2001;18;2;1;3;1;4;4;3;1;2;1;1;3;3;3;4;3;3;1;1;1;1;1;3;4;3;4;5;3;3;4;4;5;4;6;4;4;7;6;4;5;2;1;3;2;6;2;1;2;4;2;5;2;5;2;7;2;1;2;7;2;5;2;4;4;3;4;3;4;4;4;4;2;3;3;2;3;2;2;3;3;3;2;2;3;3;3;3;3;3;4;3;1;2;2;2;3;3;3;1;3;3;2;1;3;3;3;3;2;2;2;1;1;3;4;2;3;3;1;1;1;1;3
9009;EN;MAH2002;18;2;2;3;3;4;2;1;1;3;1;3;3;3;1;2;2;3;1;1;1;2;1;2;2;2;3;4;4;6;6;7;5;5;6;6;7;3;1;1;1;1;4;1;1;1;1;1;4;2;6;1;1;6;1;5;1;6;1;4;5;3;4;3;2;1;1;1;1;4;3;1;2;2;4;2;4;3;3;1;3;2;1;3;4;3;2;2;4;4;4;4;1;3;3;3;2;3;3;1;4;2;1;1;2;2;3;4;4;2;1;1;3;1;3;1;1;3;2;1;4;1;4
1829;EN;ODO1991;29;2;1;4;3;4;3;5;3;4;4;4;4;5;3;4;4;5;2;2;3;4;3;3;3;1;1;5;2;5;5;2;4;1;3;6;5;4;2;1;5;5;1;1;3;1;1;5;6;7;3;6;2;7;1;1;6;1;7;6;5;4;4;4;3;2;3;2;2;2;3;1;1;2;5;2;3;3;3;2;2;4;2;4;3;3;2;2;3;3;3;4;2;3;3;3;4;2;2;1;2;2;2;3;2;4;2;1;2;1;3;3;2;2;2;2;2;3;1;2;3;2;4
557;EN;RIA1997;24;1;1;4;3;4;4;3;1;3;1;2;3;4;3;2;3;1;1;1;1;1;1;1;1;2;4;1;5;5;5;3;6;3;6;3;5;5;5;5;5;6;4;2;5;3;1;1;5;4;4;1;3;5;1;6;5;6;3;6;7;4;2;3;4;2;1;1;2;2;2;3;2;2;2;3;4;4;2;1;1;4;2;4;3;4;1;3;3;4;3;4;1;4;3;4;3;4;3;2;3;1;4;3;1;4;2;1;1;1;3;2;1;3;2;3;1;3;2;2;2;4;1
1138;EN;HEN1996;24;3;2;4;5;5;4;5;2;5;2;4;5;4;3;5;5;5;5;5;4;5;5;4;3;5;4;5;3;3;6;1;6;3;7;5;2;7;7;5;2;6;3;6;7;2;2;5;4;4;6;4;2;5;7;7;2;2;6;5;6;5;5;3;5;5;5;5;2;5;3;5;3;2;5;5;4;3;3;1;2;4;1;4;4;4;1;2;4;4;4;4;1;4;4;4;4;4;2;1;1;1;4;3;1;4;1;1;2;1;4;2;1;3;1;4;1;1;3;4;1;4;1
803;EN;BEG2001;19;2;2;2;1;4;5;3;1;2;1;3;1;1;1;3;2;3;1;1;2;1;2;2;1;3;4;4;5;4;5;2;5;3;6;6;4;5;5;3;4;1;2;7;4;5;1;1;1;1;1;1;1;7;1;7;7;4;3;7;4;4;1;5;3;4;4;3;2;4;4;3;2;2;5;4;3;4;3;2;3;2;1;4;3;3;1;2;2;3;3;4;4;3;3;3;3;2;2;2;4;4;1;2;2;1;2;2;2;2;2;1;2;2;3;3;1;3;3;2;2;2;2
858;EN;UDD1996;24;1;1;1;5;4;3;4;4;2;3;4;4;4;2;2;3;1;3;1;4;4;2;4;1;5;5;4;2;6;6;1;6;1;6;1;1;1;6;4;3;5;3;5;3;5;2;1;4;4;5;4;3;6;5;7;4;2;7;6;5;4;5;2;3;4;1;2;1;5;2;1;1;3;4;4;3;4;3;2;3;2;1;3;2;3;1;1;1;4;1;3;1;1;1;1;2;2;4;1;1;1;3;1;3;4;1;4;2;2;4;4;3;1;4;1;1;4;1;1;3;2;2
3507;EN;1066;21;2;1;4;2;2;4;2;2;2;4;2;4;4;2;3;4;3;3;2;2;5;5;4;3;4;3;1;2;4;2;3;6;2;4;3;3;5;7;2;2;5;5;7;4;3;1;2;1;1;2;4;2;7;7;6;2;2;7;6;5;4;5;4;5;4;4;3;1;4;3;4;3;4;4;4;4;3;4;3;4;2;2;2;3;4;3;2;2;4;2;3;3;2;2;3;3;2;4;3;3;3;3;2;1;3;1;3;2;1;2;1;3;2;2;3;3;2;2;3;2;3;3
1158;EN;DIP1988;33;1;1;4;1;3;4;2;3;3;4;3;3;4;3;2;3;4;5;3;4;3;5;3;3;1;5;3;1;6;5;4;5;2;7;5;4;5;4;4;4;4;2;5;4;5;3;6;4;4;4;4;4;4;7;6;6;4;7;4;4;4;3;2;2;1;3;2;3;4;3;4;2;2;5;1;3;3;3;1;2;3;1;4;3;3;1;2;3;3;3;2;1;3;2;3;1;2;4;2;2;4;2;1;1;4;1;3;2;1;1;1;3;3;3;3;2;3;2;2;2;3;1
880;EN;Dut1998;23;1;1;5;1;5;5;1;2;5;5;5;5;2;4;1;5;3;5;4;5;5;4;3;2;2;4;4;1;7;7;2;7;1;7;7;5;3;7;3;3;7;5;6;7;3;1;5;5;2;5;7;5;5;7;5;5;1;7;5;4;4;5;4;3;1;5;1;1;5;3;5;1;1;5;1;3;4;4;3;3;4;4;4;3;4;2;2;3;2;3;3;1;2;2;3;2;1;3;3;1;1;4;4;1;3;1;1;1;1;3;4;1;4;4;4;1;1;4;4;1;4;1
1161;EN;Pet 1993;27;3;2;5;4;4;4;4;1;3;2;4;3;5;5;5;5;5;3;3;5;4;4;2;2;1;5;5;1;7;7;4;4;1;6;3;7;7;7;4;6;6;4;4;7;7;6;7;7;7;7;5;5;4;7;7;4;6;7;7;7;5;5;2;5;5;5;5;5;5;5;5;1;4;4;5;4;3;3;1;1;3;4;4;4;4;2;4;3;3;4;4;2;3;3;3;2;3;4;1;3;3;3;4;2;3;1;3;3;3;4;4;3;2;4;4;1;1;4;2;1;4;1
1268;EN;KER2001;20;1;1;4;4;4;5;5;4;2;4;2;4;4;2;5;4;4;4;2;4;5;5;3;4;3;5;5;4;6;5;3;5;3;6;5;6;6;7;3;4;4;3;6;6;5;2;5;4;6;4;4;2;5;5;6;4;2;7;5;5;5;5;3;5;4;4;2;2;4;4;5;5;5;5;4;3;4;2;1;2;3;1;3;3;3;1;3;4;3;4;3;1;3;2;3;2;3;2;1;2;1;2;2;3;3;2;3;3;2;3;3;3;2;3;1;2;2;2;2;2;3;2
987;EN;PHI2000;20;1;1;3;4;3;3;3;3;4;4;4;3;4;2;3;3;3;4;2;4;4;4;2;2;1;2;2;1;7;4;5;4;1;5;2;6;2;6;4;3;4;5;2;4;2;2;5;4;3;4;4;1;6;6;1;2;2;6;2;5;3;4;4;3;1;1;1;1;2;1;5;5;4;3;1;2;2;4;3;3;1;2;2;2;2;2;2;1;2;1;3;1;1;1;2;1;3;3;1;2;3;3;1;2;4;1;4;3;4;3;3;3;1;2;3;2;2;2;1;3;3;3
1072;EN;RYB2001;19;1;1;4;2;3;1;2;2;3;3;3;3;5;1;1;4;5;5;5;5;4;5;1;1;1;1;1;6;3;7;5;7;5;2;1;3;7;6;3;3;7;1;1;2;1;4;7;4;5;4;4;1;1;7;1;5;1;6;4;6;5;4;5;5;5;5;1;4;1;5;5;5;5;5;2;1;3;4;4;4;3;4;1;1;1;3;1;1;1;3;1;3;1;1;1;4;3;4;4;4;1;4;4;1;4;1;1;1;1;4;4;3;4;1;4;1;1;4;3;1;4;1
994;EN;MCK2001;19;2;1;1;3;1;4;1;1;2;1;2;3;5;1;1;4;4;1;1;1;1;1;4;5;5;3;5;3;3;7;3;7;1;7;7;7;4;2;1;1;2;2;2;1;2;5;2;2;2;2;2;2;5;1;4;5;4;3;7;2;4;5;3;3;1;1;1;2;1;1;1;5;1;1;1;4;4;2;1;2;4;1;4;4;4;3;1;3;4;4;4;3;4;4;4;4;1;4;1;4;4;1;2;2;2;4;4;4;4;1;1;4;1;2;2;1;1;2;1;4;1;1
4295;EN;GIR2000;20;2;1;3;5;5;5;5;4;5;4;5;5;1;3;5;5;5;1;1;3;3;3;1;2;3;3;3;3;7;4;1;7;1;7;3;4;7;6;7;5;7;7;2;7;4;4;1;7;1;4;7;1;7;1;7;7;1;5;6;4;5;5;5;5;5;5;1;3;5;5;5;5;5;5;5;3;4;4;1;2;3;4;4;3;3;2;2;3;3;4;4;1;3;3;3;3;4;4;1;4;3;1;1;4;4;3;4;3;4;1;1;4;3;4;1;1;4;3;1;4;4;4
958;EN;Akt2001;19;2;1;4;3;4;3;4;3;4;3;2;3;3;3;3;4;3;2;1;3;3;2;2;3;3;4;3;4;5;6;5;5;5;6;5;6;6;4;3;2;2;2;5;2;2;2;2;4;2;2;4;2;6;2;6;2;2;2;6;5;4;4;2;3;2;3;3;2;3;3;3;1;1;5;2;3;3;2;2;2;3;2;3;3;4;2;1;3;3;4;3;2;3;3;3;2;2;3;1;3;2;3;2;2;4;2;2;3;3;3;3;2;3;2;3;4;2;3;3;3;3;2
1172;EN;BEG2001;20;2;2;5;4;5;3;4;4;1;1;1;3;2;1;3;4;2;1;1;1;1;1;3;1;1;4;4;2;5;5;3;5;1;6;7;3;4;1;1;5;5;1;1;1;1;1;1;1;4;4;1;1;5;1;6;5;5;1;6;5;5;5;2;5;2;1;1;2;4;3;4;1;4;3;2;2;2;3;1;2;3;1;4;3;3;2;2;4;4;4;3;2;2;3;3;2;3;4;1;4;2;1;1;1;2;3;4;3;3;1;1;3;1;3;3;1;4;1;1;4;1;4
1096;EN;AHM2001;20;1;1;4;5;4;4;4;3;4;4;4;3;3;3;4;3;4;4;4;4;4;4;2;2;4;5;4;5;4;4;4;5;3;5;1;5;5;1;1;1;6;6;6;1;1;1;5;7;4;7;5;1;7;1;7;5;1;5;7;5;4;4;3;3;2;1;3;2;2;3;2;2;2;4;2;3;4;2;3;2;3;2;3;3;3;2;3;3;3;3;2;2;3;3;3;2;3;4;1;3;2;4;3;2;4;2;2;3;2;3;3;2;3;2;3;2;3;3;3;3;2;3
1131;EN;MAR2002;19;1;2;5;3;4;3;4;1;4;2;4;4;3;2;3;4;4;3;1;4;5;4;4;4;1;2;1;1;6;3;3;3;1;6;6;5;3;3;3;4;7;1;5;3;4;2;3;3;4;4;5;5;2;4;1;2;6;6;4;7;5;5;4;5;3;3;2;3;5;5;5;4;5;5;5;4;4;3;2;2;3;2;4;4;4;2;2;3;3;4;3;2;3;3;3;4;3;3;4;2;3;3;2;1;4;1;2;1;2;4;2;2;2;2;2;2;2;3;3;2;3;2
754;EN;ELA1996;24;2;1;3;5;4;3;4;4;4;2;3;2;2;2;4;1;3;1;1;2;2;3;2;2;2;3;2;5;5;6;1;6;3;6;4;5;4;5;5;5;1;5;3;2;2;2;1;4;6;1;6;1;6;3;4;6;1;1;6;6;4;4;5;4;4;3;3;3;4;4;4;3;2;5;3;3;4;3;2;2;3;2;3;3;3;2;2;4;4;4;2;1;3;3;3;3;4;3;2;4;2;2;2;3;2;2;3;3;3;2;2;3;2;3;1;2;1;1;2;3;2;3
1143;EN;TAN2001;19;2;1;3;2;4;4;5;1;3;2;4;5;2;1;3;4;2;3;1;4;3;2;4;5;5;5;5;6;4;7;4;5;7;6;7;4;7;4;4;5;2;4;5;4;6;3;1;4;4;5;4;1;6;2;7;6;1;2;6;2;5;2;3;5;3;3;3;2;3;4;5;5;1;5;4;4;3;2;1;2;4;2;4;4;4;2;3;4;4;4;4;2;3;3;3;4;2;3;4;2;2;3;1;2;4;2;1;3;1;2;2;2;4;2;4;1;3;3;2;2;2;3
1081;EN;Sir1996;24;1;1;3;2;3;3;2;4;1;4;2;3;3;3;4;4;3;4;3;4;4;4;2;2;2;4;3;2;4;6;5;7;3;4;4;5;5;6;5;6;6;6;6;5;5;3;6;6;6;4;6;3;2;6;7;6;2;7;5;7;5;4;2;4;4;3;3;4;3;3;2;2;3;4;4;4;3;2;2;2;3;3;3;3;4;3;3;4;4;4;4;2;4;3;3;3;4;3;2;1;2;3;2;2;3;2;3;2;1;3;4;3;3;2;2;1;4;3;2;3;3;3
1377;EN;BEL2001;19;2;1;3;3;4;3;4;4;3;4;3;4;3;3;4;4;4;4;2;4;4;4;3;2;3;2;3;6;2;3;3;7;7;6;2;3;6;7;5;6;5;5;4;4;3;2;1;5;6;5;7;1;6;5;5;6;1;7;6;7;3;5;4;4;2;1;2;2;2;3;4;5;4;5;2;4;3;1;1;2;4;1;3;4;4;2;3;3;4;3;3;3;3;3;3;3;4;2;1;2;1;3;2;2;3;2;3;2;2;2;3;1;3;2;3;3;3;2;4;2;3;2
1282;EN;KAM1990;30;1;1;3;3;5;4;4;2;4;3;4;3;4;2;3;4;2;4;4;5;5;5;2;1;1;3;1;2;3;7;3;5;1;5;6;6;5;6;4;4;4;4;6;5;3;1;7;4;3;5;4;3;2;5;1;1;1;7;1;5;4;5;3;4;1;4;4;5;5;4;5;2;2;3;3;2;3;4;1;2;2;2;2;2;3;1;3;2;3;3;3;2;3;2;2;3;2;4;3;1;1;4;3;1;4;1;2;1;1;3;3;2;4;3;4;3;1;4;4;1;4;1
1376;EN;MUC1989;31;1;1;3;3;2;2;3;3;2;2;2;3;3;3;4;3;3;4;5;4;4;4;3;2;1;2;1;2;4;6;7;3;1;6;6;7;4;6;2;4;4;3;5;3;3;2;7;1;4;3;3;2;4;4;2;2;2;6;3;3;4;4;1;3;1;2;1;2;2;2;5;5;4;3;4;3;2;3;2;4;4;2;3;2;4;3;2;3;4;3;4;3;2;4;3;3;2;2;1;3;1;2;3;2;4;1;3;2;2;1;3;3;2;2;2;2;4;1;2;4;2;3
808;EN;ISL2001;19;1;1;3;3;3;3;4;2;3;3;3;2;2;2;4;2;2;2;1;2;2;3;2;3;4;3;3;5;4;5;3;5;5;5;5;5;4;5;5;6;5;7;6;5;5;4;4;5;4;5;4;4;7;4;7;6;7;4;5;7;5;5;2;4;5;2;2;2;2;3;4;4;4;4;3;3;3;2;2;2;3;2;3;3;3;2;3;3;4;4;4;2;3;3;3;3;2;4;3;2;1;3;2;2;3;2;2;2;3;3;3;2;3;2;3;1;2;3;3;2;3;2
1802;EN;AGB2001;19;2;1;4;2;2;4;2;3;1;2;3;4;5;2;5;3;5;4;4;4;4;4;4;2;2;2;2;5;3;3;3;6;3;4;6;3;6;7;4;5;5;2;5;5;5;6;5;5;5;4;4;4;6;6;5;3;1;6;7;6;5;5;4;4;4;4;1;1;3;4;4;4;3;5;2;3;3;3;2;2;3;2;4;2;4;3;3;3;2;3;1;3;2;1;1;1;3;3;2;4;2;3;3;1;4;2;2;3;2;3;2;3;1;3;2;1;4;1;1;4;2;1
383;EN;Hsjsj;20;1;1;4;3;3;2;3;2;2;2;3;2;2;4;3;3;3;2;2;2;2;2;2;3;2;3;2;5;6;5;5;6;5;5;6;6;6;6;4;4;5;4;5;4;4;4;4;4;5;5;5;3;4;4;4;5;7;3;3;4;4;3;3;4;4;4;4;4;4;4;2;2;2;2;2;2;2;2;2;2;3;3;2;2;2;2;2;2;2;2;2;2;2;2;2;3;2;2;1;1;2;3;3;1;3;2;2;2;2;2;2;2;3;3;3;2;3;3;3;3;3;4
1880;EN;SHR1980;40;2;2;4;5;4;5;5;5;3;5;5;5;4;4;4;4;5;3;5;3;3;3;5;4;5;4;3;7;3;7;1;6;7;7;5;2;7;4;4;4;6;7;6;5;6;1;1;1;5;1;6;7;5;1;1;7;1;7;7;7;3;3;5;1;4;4;3;2;3;4;3;4;3;5;2;3;4;3;1;2;4;3;2;2;3;2;4;3;3;4;3;1;3;3;2;1;4;1;1;4;1;4;3;3;4;1;1;3;1;4;3;1;4;1;3;1;1;3;3;2;4;2
924;EN;gun1995;25;2;1;4;4;4;2;5;4;3;4;4;3;2;2;2;3;3;4;1;2;4;4;2;1;1;1;2;2;6;7;3;5;1;7;6;6;3;6;2;1;5;5;5;7;4;5;1;4;3;3;6;2;5;1;1;2;4;5;1;5;4;4;4;3;1;3;1;1;2;3;2;2;2;4;2;3;4;3;2;2;3;2;3;3;3;2;3;3;3;4;3;1;3;3;3;3;4;2;1;3;2;2;2;3;1;2;3;4;1;1;2;3;2;4;3;3;2;3;1;2;3;4
371;EN;EBR2000;20;2;1;5;4;4;4;4;5;4;4;4;3;4;4;5;4;4;5;1;5;4;3;5;4;5;4;3;5;6;5;1;7;1;5;2;7;1;3;3;2;7;2;7;3;3;1;2;3;5;1;2;3;7;3;7;2;2;2;7;6;5;5;5;5;5;3;2;3;5;5;5;1;5;5;5;4;4;3;4;3;3;2;2;3;2;3;2;3;3;3;3;3;2;3;3;3;3;2;4;2;3;3;4;4;3;3;3;2;3;3;2;3;3;3;3;3;3;3;3;3;2;2
872;EN;Isl2001;19;2;1;5;1;4;3;4;5;5;4;2;4;3;4;5;4;4;1;1;2;1;1;1;1;3;3;1;4;5;3;2;6;4;6;3;3;4;2;2;2;7;3;2;7;1;7;1;5;1;1;1;7;7;1;3;1;4;1;1;5;3;4;4;5;3;2;1;1;3;2;3;3;2;3;3;3;3;3;2;2;2;2;3;3;3;2;2;3;3;3;3;2;2;2;1;2;3;3;2;4;2;2;1;1;3;2;3;3;2;2;1;4;1;2;1;1;2;1;2;4;3;3
1263;EN;GYL1991;29;2;1;4;5;2;4;4;1;4;4;4;2;1;2;4;2;1;2;5;3;1;5;3;1;3;4;1;1;2;3;1;3;1;6;3;2;6;7;2;4;5;5;5;6;2;1;6;1;5;1;5;4;7;7;6;1;1;7;6;4;4;5;4;5;2;2;2;1;2;2;2;1;2;4;2;2;4;4;3;3;2;3;2;2;2;3;1;1;2;2;2;2;2;1;2;2;3;4;1;2;1;2;3;2;4;4;3;4;1;4;2;1;1;4;3;1;2;3;1;2;3;2
668;EN;GRA1996;24;2;1;2;3;3;4;2;1;1;4;4;4;1;1;4;2;2;3;2;4;4;4;5;4;2;5;4;1;7;5;1;5;1;7;3;2;5;5;3;2;1;1;7;1;3;1;3;1;1;1;1;1;7;3;5;3;1;5;3;5;5;5;5;5;4;5;1;1;5;2;4;3;4;5;4;4;4;2;2;3;4;1;4;4;4;1;2;3;4;3;4;1;4;4;4;3;4;4;1;2;1;3;4;3;3;4;2;2;1;1;1;1;1;1;1;1;2;2;1;2;1;3
880;EN;SIL1996;25;2;1;4;4;2;2;4;2;3;2;3;3;3;3;2;2;2;2;2;3;4;4;2;2;2;3;2;5;2;6;2;7;5;6;7;3;5;5;4;4;4;4;2;4;5;4;2;3;4;4;5;3;6;5;5;4;2;5;5;5;5;4;4;5;4;4;3;1;5;5;2;1;3;5;3;3;2;3;2;2;3;3;4;3;3;2;2;3;3;3;3;1;3;2;3;2;4;2;1;4;3;2;3;3;2;4;4;3;2;1;2;3;1;3;4;3;3;2;1;1;3;2
892;EN;WRI1997;23;2;1;4;2;4;2;3;4;4;5;4;4;4;3;3;5;5;1;1;2;2;3;2;3;1;2;2;1;3;7;1;4;1;7;6;5;3;7;5;6;6;1;1;7;2;1;1;1;6;6;6;1;7;1;1;3;1;1;4;7;5;5;5;4;2;2;3;2;4;2;5;5;4;4;4;3;3;3;1;2;3;2;3;3;3;2;3;4;3;3;3;2;3;3;3;3;3;3;1;3;2;2;1;3;3;1;3;3;4;2;1;2;2;3;2;2;3;2;2;3;2;3
5339;EN;PRE1998;22;2;1;5;5;5;3;5;2;3;2;1;5;3;3;5;5;5;2;2;4;3;2;2;4;4;3;3;3;3;6;1;4;1;6;3;5;5;4;4;5;5;3;4;4;3;3;3;4;5;4;5;4;6;3;5;4;2;3;5;4;5;5;5;5;3;3;2;2;3;3;5;4;5;5;4;3;3;2;3;3;3;2;3;3;3;2;2;3;3;3;3;2;2;3;3;2;3;3;1;2;4;3;1;2;3;4;2;4;2;3;1;1;3;3;4;1;2;2;1;2;2;2
3018;EN;WIL1996;25;1;1;5;4;5;5;5;5;4;5;4;4;4;5;5;5;5;5;5;5;5;5;4;4;3;4;3;2;2;4;1;7;1;7;3;6;7;7;7;7;7;2;7;3;4;1;7;5;7;4;7;7;3;5;2;5;1;7;1;2;5;5;4;5;2;5;1;3;3;5;5;5;5;5;2;4;3;2;4;3;1;3;2;4;4;4;1;4;3;4;1;2;3;3;4;4;4;4;4;1;1;4;1;2;4;1;1;3;1;4;1;1;4;3;3;4;1;3;4;1;3;1
810;EN;Par2000;18;1;1;5;4;3;3;4;3;4;4;4;3;4;5;3;5;2;5;4;2;4;5;2;4;3;4;2;5;4;4;6;6;3;7;3;6;4;2;2;2;3;3;4;1;3;2;3;4;2;5;3;1;6;5;7;2;5;7;2;7;4;3;4;5;3;3;3;2;4;4;4;3;4;4;3;4;3;4;3;2;3;2;3;4;3;4;2;3;4;4;2;2;3;3;2;3;2;3;2;1;2;4;3;3;3;2;3;2;3;2;3;2;3;3;4;1;4;4;2;4;2;2
578;EN;ALL2000;20;2;1;4;2;2;2;4;2;4;2;4;4;2;2;2;2;4;2;2;2;2;2;2;2;2;4;4;2;6;5;3;5;3;5;6;2;3;2;2;2;6;5;5;6;3;5;2;2;5;2;5;2;5;2;2;2;2;2;2;2;4;4;4;4;2;4;2;2;2;2;4;4;2;4;2;3;3;2;2;2;2;2;3;3;3;2;3;3;3;3;3;2;3;3;3;3;3;3;2;3;2;3;3;3;3;2;2;3;2;3;2;2;2;2;3;2;3;3;3;2;3;2
865;EN;STU1997;23;2;1;4;2;4;5;2;1;1;1;2;2;3;1;2;2;2;1;1;1;1;1;1;2;3;4;3;3;4;7;6;4;2;6;7;6;5;1;1;1;2;1;1;1;1;1;1;1;1;1;3;1;3;1;7;3;1;1;7;1;5;4;4;4;3;2;2;3;3;3;4;4;2;4;2;3;4;1;2;1;3;1;3;4;4;2;3;4;3;4;3;1;4;4;4;4;3;3;1;2;2;2;3;1;3;2;2;2;2;2;3;2;2;2;3;1;2;2;3;2;2;2
1334;EN;dic1996;24;1;1;3;4;4;2;3;2;2;3;3;3;2;3;4;4;4;2;2;4;4;4;4;4;2;3;4;5;2;5;1;6;1;6;2;6;6;4;4;3;6;5;5;4;4;3;2;3;1;3;5;4;5;4;5;6;1;5;4;7;5;3;2;4;1;1;1;1;5;2;1;1;1;2;1;3;3;2;2;1;2;2;2;2;4;2;3;2;4;2;4;2;2;3;2;3;2;4;1;1;1;4;4;1;4;2;1;2;2;2;4;2;3;3;2;3;3;2;3;2;2;2
1068;EN;ABU2001;20;2;1;3;3;3;3;4;4;3;4;3;3;4;3;4;3;3;4;4;4;4;5;3;4;4;3;4;6;3;7;4;7;5;4;7;5;7;6;4;5;5;4;4;4;5;4;6;4;4;4;5;4;5;6;4;4;4;7;4;4;4;5;4;4;5;5;3;3;2;4;4;2;5;5;4;4;3;3;2;3;4;4;4;4;4;3;3;3;3;3;3;2;3;3;4;3;3;3;1;2;2;3;3;2;3;2;2;2;2;4;3;1;3;2;3;1;3;2;1;2;1;2
572;EN;ASH2002;18;1;1;5;5;4;5;5;3;3;4;4;4;5;3;3;4;5;5;5;4;5;4;4;3;2;4;3;5;6;4;6;7;3;6;2;3;7;6;3;7;6;2;7;6;7;4;6;5;7;4;4;3;2;6;4;5;5;6;5;6;4;1;3;4;2;5;2;3;5;3;4;4;3;4;4;1;4;4;2;4;2;2;3;2;2;2;1;2;3;3;2;1;1;2;3;3;3;4;3;3;1;3;3;2;2;1;2;2;2;3;3;4;2;2;4;2;1;3;4;3;4;2
3494;EN;WON1957;63;2;2;5;4;5;5;5;1;4;4;4;5;5;1;4;5;5;1;1;1;1;1;4;4;1;5;5;1;7;5;2;6;1;7;7;3;7;6;2;2;7;5;2;4;2;7;1;7;5;5;5;1;1;1;1;1;6;1;1;6;5;1;4;5;4;4;5;4;5;5;4;4;4;5;4;3;3;3;1;3;3;4;3;3;4;4;3;3;4;4;4;1;4;4;4;4;4;4;1;1;1;3;3;3;4;4;3;4;4;4;1;4;3;4;1;4;4;4;1;4;4;4
679;EN;Bha1993;27;2;1;4;2;2;3;3;2;3;4;4;4;3;2;3;4;3;3;4;2;3;3;4;4;4;3;3;7;3;7;2;3;7;7;7;3;6;7;3;3;6;2;2;7;2;2;7;2;2;2;2;7;2;2;2;2;2;7;2;6;4;2;1;5;1;3;4;5;5;5;4;5;2;1;2;3;4;2;2;1;3;3;3;2;4;3;4;4;4;4;3;1;3;3;3;3;4;3;1;2;1;1;4;2;4;1;4;3;2;2;3;3;1;3;2;3;4;1;1;4;1;3
551;EN;Ayg1999;21;2;1;1;1;5;4;5;1;4;3;4;5;2;1;2;2;3;1;2;1;1;1;1;1;4;5;5;3;5;4;3;7;1;7;3;7;5;2;1;3;2;6;2;2;2;2;2;5;2;2;2;2;4;2;4;2;2;2;7;2;5;5;2;2;1;2;3;2;2;4;5;4;4;4;4;4;4;1;1;1;4;3;3;2;3;3;3;1;3;3;2;2;2;3;3;4;3;3;2;3;2;3;2;3;3;3;3;2;2;2;3;2;2;3;2;2;2;1;2;2;2;3
1051;EN;wat2000;20;2;1;4;2;4;2;4;4;2;2;1;2;2;5;2;4;1;4;4;2;4;4;2;2;2;4;4;6;3;2;6;6;6;6;2;6;6;6;4;5;7;2;3;2;4;4;5;4;5;4;5;6;3;6;6;5;2;7;5;5;4;5;2;2;2;4;4;5;3;5;4;4;4;5;4;3;2;3;2;3;4;1;4;3;3;2;4;3;3;3;3;1;3;3;1;3;3;2;1;3;2;3;3;3;1;2;2;3;2;1;2;4;3;3;1;1;1;1;1;4;3;1
1050;EN;MAC1999;22;2;1;3;2;4;2;3;5;3;5;3;4;5;4;4;5;3;2;3;4;4;2;3;4;1;2;4;3;3;6;5;4;2;6;3;7;6;6;4;5;5;5;4;4;5;5;3;4;4;4;7;5;4;3;2;3;3;7;5;6;4;5;4;4;3;3;3;2;4;4;4;4;1;4;1;3;3;2;2;1;2;2;3;2;3;2;2;3;3;3;2;2;3;2;2;2;3;3;1;3;2;2;1;2;3;1;3;2;3;2;2;2;1;1;3;1;2;3;1;2;3;2
3981;EN;NIM1998;22;2;1;4;4;3;4;3;4;3;3;5;4;4;4;5;4;4;5;4;5;5;5;1;4;3;3;4;6;4;3;3;5;4;3;3;5;3;4;6;5;3;3;4;4;5;3;5;6;6;6;5;4;5;6;7;5;5;4;4;5;4;3;4;4;2;3;2;3;2;4;4;4;2;4;3;3;3;3;3;3;3;4;3;3;2;4;4;4;4;3;3;3;2;4;3;3;3;1;1;3;3;3;2;1;4;3;3;2;2;2;1;2;2;2;2;1;2;2;3;4;3;2
1387;EN;AND1977;43;1;1;4;3;2;3;4;2;4;4;4;5;5;4;4;5;5;4;2;3;2;3;3;2;2;3;4;2;3;5;6;6;3;6;3;6;7;7;4;6;7;3;3;5;6;4;3;7;6;3;2;5;4;4;4;5;6;5;5;3;4;5;3;4;3;4;2;2;3;4;2;2;4;4;2;3;4;2;1;4;4;1;4;3;3;1;4;4;3;3;3;1;3;3;2;3;2;3;3;1;1;4;4;1;3;1;2;2;1;3;3;2;3;1;2;2;2;2;3;2;2;1
1805;EN;IGG2000;20;2;1;3;1;4;4;1;3;2;5;4;5;5;3;2;4;5;5;5;5;4;4;3;4;2;3;3;6;6;7;1;7;6;7;6;3;5;7;5;6;5;5;7;4;6;2;7;6;6;6;6;2;5;7;5;6;1;6;6;6;5;1;2;1;4;4;1;3;4;4;5;5;4;5;4;2;4;3;4;2;1;2;4;3;3;1;2;4;2;3;1;2;3;1;1;3;4;4;1;3;1;3;3;1;4;2;1;1;2;4;3;1;2;3;4;4;4;2;1;2;3;2
1478;EN;SID2000;20;2;1;5;4;4;2;5;1;4;2;4;4;4;2;4;5;3;1;1;4;4;1;1;1;1;1;2;1;7;7;2;7;1;6;6;3;3;6;4;1;6;5;6;5;1;5;1;4;1;4;4;2;7;1;6;3;3;6;5;7;5;1;4;5;2;4;1;1;2;2;2;1;2;4;1;3;4;3;3;2;2;3;3;3;3;2;2;3;4;3;4;2;3;3;3;3;1;3;1;1;1;3;3;1;4;1;2;1;1;3;2;1;3;4;3;1;2;3;2;2;3;3
1200;EN;OBR1994;27;1;1;5;1;5;1;1;4;3;4;3;5;3;3;2;5;4;5;4;5;3;5;2;1;1;1;1;6;2;6;6;5;7;4;5;6;3;4;4;5;6;3;2;5;4;1;7;1;4;2;6;4;1;7;4;4;1;6;1;7;4;4;4;2;3;4;2;5;3;4;5;4;3;4;2;3;2;2;1;1;3;2;3;4;3;3;3;3;4;2;3;3;2;3;3;3;2;4;3;2;1;4;4;1;3;1;1;4;1;3;4;4;4;2;3;4;3;3;2;1;4;3
941;EN;BAS2001;20;2;1;3;2;3;4;2;4;2;4;2;5;2;1;2;3;3;2;1;3;5;5;2;5;3;5;5;6;4;7;5;6;3;7;5;5;6;6;3;2;4;1;4;2;5;2;1;3;5;6;5;1;7;1;7;4;5;5;6;6;4;5;5;5;4;2;3;2;2;2;4;4;2;4;2;4;4;2;4;4;4;1;4;3;3;1;2;4;4;4;3;2;4;3;3;2;1;4;4;2;2;3;3;2;4;1;1;2;2;3;2;2;3;2;4;1;3;3;2;4;4;3
929;EN;ISS2001;19;2;1;4;4;3;4;4;1;3;4;4;2;4;4;5;2;5;4;1;2;4;4;3;4;1;5;4;5;3;4;3;6;3;6;3;5;7;6;5;6;5;4;5;4;6;3;1;6;7;5;6;5;7;6;7;6;1;5;7;5;4;5;4;5;2;3;4;1;2;2;4;2;4;4;4;3;4;2;3;3;2;3;3;3;4;1;2;1;1;4;4;3;3;2;3;3;3;4;4;4;3;2;2;2;3;2;1;2;2;2;2;4;3;2;3;1;3;2;1;2;3;3
3569;EN;NAB;22;2;1;4;2;4;1;4;4;2;4;4;4;4;2;4;4;4;4;1;2;2;4;3;4;4;4;4;3;5;5;2;6;2;6;5;5;6;4;4;3;2;4;6;2;3;2;2;4;3;2;2;3;4;2;5;4;6;2;7;4;5;5;4;5;2;4;4;4;4;5;5;4;4;5;4;3;3;3;3;2;4;4;4;2;3;3;3;3;3;3;3;3;2;4;2;3;3;1;2;2;4;4;3;4;1;2;3;4;2;3;1;3;3;4;3;3;4;4;4;2;4;4
1773;EN;MER2000;20;2;1;5;3;5;1;4;4;4;5;3;1;2;3;5;4;4;4;4;5;3;5;1;3;3;4;3;3;2;6;1;6;3;7;5;5;5;5;5;6;6;6;4;7;6;6;6;5;7;5;6;5;6;5;6;7;2;7;7;6;5;4;3;3;2;4;1;4;4;4;3;2;3;4;5;3;4;2;2;2;3;1;4;4;4;1;3;3;4;4;4;1;3;4;3;3;4;3;1;2;1;3;3;4;3;3;3;3;2;1;1;4;2;3;2;2;3;2;1;4;2;3
595;EN;Amy1994;26;2;1;1;2;1;2;1;1;2;1;1;1;4;3;4;2;4;2;2;1;1;2;1;4;4;2;1;3;6;6;3;3;2;5;7;5;2;4;1;1;1;1;5;1;1;1;1;1;4;1;1;2;1;3;4;4;1;1;6;1;5;4;4;3;1;1;2;2;4;2;4;4;4;4;2;4;4;1;2;3;3;2;4;3;4;2;3;3;3;4;4;1;3;3;2;2;3;4;1;3;3;2;1;1;4;1;1;2;3;4;2;2;2;1;1;1;1;1;3;2;1;4
2743;EN;HIL1992;28;3;1;4;5;5;2;4;5;4;5;4;5;4;3;5;4;3;4;1;2;4;4;2;2;1;1;3;7;7;5;3;6;3;7;2;5;7;6;5;6;5;5;2;4;6;6;4;7;6;2;7;3;5;5;2;7;5;5;5;3;5;2;3;4;4;4;3;2;4;4;1;1;2;4;4;4;4;3;3;2;3;1;4;3;3;1;4;3;2;3;4;1;1;3;3;4;4;2;2;3;1;4;2;1;4;1;2;1;1;3;1;4;4;1;1;1;3;4;2;1;3;2
910;EN;ROU1998;23;1;1;4;4;5;4;5;4;5;5;5;4;5;3;4;4;5;3;4;3;5;5;3;5;3;4;3;6;3;6;6;6;3;7;5;7;2;6;5;4;4;7;5;6;6;5;6;5;6;3;4;3;5;7;6;3;4;7;5;6;4;5;4;4;2;3;1;1;2;1;5;4;4;5;4;3;4;3;3;1;4;1;4;1;4;2;3;3;2;4;3;2;2;3;3;1;4;4;2;3;4;4;4;2;3;3;4;3;3;3;2;3;3;3;1;2;3;2;1;4;3;1
900;EN;NDI2002;18;2;1;4;5;5;5;4;2;4;2;5;4;4;4;5;4;5;2;1;5;4;4;4;1;1;5;4;2;3;6;3;5;2;5;5;3;4;7;4;3;6;7;6;5;2;2;6;2;5;4;3;1;6;1;1;2;1;6;1;6;4;5;2;5;1;4;1;1;4;3;4;2;4;1;2;3;3;4;3;2;3;2;4;2;4;3;2;3;4;4;3;2;1;2;2;2;1;4;3;3;1;3;4;3;4;1;2;3;2;4;3;3;3;3;3;1;4;1;2;2;3;2
1430;EN;Jan 99;22;2;1;3;5;3;4;3;1;2;2;3;2;4;1;5;4;2;4;4;5;5;2;3;1;4;5;4;2;6;4;3;5;3;5;3;6;7;5;1;2;5;1;7;5;4;4;5;5;1;2;4;1;7;4;4;2;4;7;2;7;5;5;5;4;4;5;3;1;2;4;4;2;3;3;3;3;3;2;1;3;4;2;2;3;3;1;1;4;4;3;3;2;4;3;3;4;3;4;2;3;1;2;2;1;1;2;1;2;3;2;2;4;1;3;1;2;3;1;1;4;1;4
2914;EN;HEC2001;20;1;1;3;2;3;1;2;1;1;1;1;3;4;3;4;3;3;3;2;3;3;3;3;4;1;4;4;7;7;6;7;4;3;7;7;7;6;1;1;1;1;1;1;1;7;1;1;1;1;1;5;1;1;1;5;1;1;1;4;1;5;5;5;2;4;5;3;4;3;4;5;5;5;4;2;4;4;1;1;1;3;1;4;3;4;2;4;4;4;4;4;1;4;3;4;3;3;4;2;2;1;2;4;2;4;2;1;3;2;4;4;3;4;3;1;2;1;2;2;2;4;2
970;EN;bro2001;19;2;2;4;3;4;5;4;1;1;1;1;5;3;2;3;4;5;1;1;1;1;1;3;4;2;4;4;2;4;5;1;5;3;6;5;2;3;1;1;5;5;1;6;2;1;4;1;2;6;7;5;2;7;1;4;1;5;1;7;4;5;5;5;5;3;2;4;2;2;4;5;4;4;5;4;4;3;3;1;2;2;1;3;3;3;2;2;3;4;3;4;1;3;2;3;3;4;2;1;3;2;1;2;1;3;3;2;1;2;3;2;2;2;2;1;1;2;3;1;3;3;4
3292;EN;CAV2001;19;2;1;4;4;4;3;4;3;4;3;4;3;3;2;2;3;4;2;1;2;1;1;3;3;3;3;4;5;2;6;3;6;2;6;4;4;3;6;4;3;3;7;6;4;2;7;1;4;5;3;3;2;7;5;3;5;6;4;7;6;5;4;4;4;4;4;4;2;3;4;4;1;3;4;4;3;4;3;3;4;2;3;2;3;3;3;3;3;4;3;3;3;3;3;2;3;3;4;2;2;1;4;3;3;4;3;2;3;2;3;2;3;4;3;4;1;2;3;2;2;4;2
1035;EN;KAC1999;21;1;1;4;4;4;3;4;2;3;2;3;4;4;4;4;4;4;2;3;3;3;4;3;4;4;3;3;3;6;3;5;5;3;5;6;6;3;6;4;4;6;2;6;3;2;3;2;2;5;5;2;4;6;2;2;4;2;4;4;5;3;2;2;2;2;3;3;2;2;2;3;2;3;5;2;3;3;3;3;3;3;2;3;2;3;2;2;2;3;3;3;1;3;3;2;2;2;3;1;2;3;2;3;1;2;2;2;2;2;2;3;2;3;2;4;2;2;2;3;2;3;2
2245;EN;MUR1999;21;2;1;4;2;2;2;2;2;4;4;2;4;5;4;4;4;5;4;4;5;4;5;4;2;2;4;2;5;2;6;3;7;6;5;5;5;6;6;4;6;5;3;7;5;5;2;6;2;6;3;2;3;5;6;5;2;2;6;6;3;2;4;4;4;1;1;4;4;4;4;4;3;2;4;1;3;3;2;1;1;2;2;3;4;4;2;3;4;4;4;3;2;3;3;3;4;4;4;1;3;1;1;1;2;4;2;3;1;1;2;2;2;2;2;1;1;4;3;2;4;4;2
724;EN;FON2000;20;2;1;4;5;4;4;4;3;4;3;4;4;4;4;4;4;3;1;1;2;2;3;4;4;4;4;4;5;5;3;1;7;2;7;6;3;5;6;5;6;6;6;5;5;5;5;2;6;7;7;7;4;7;5;7;5;6;6;7;6;5;5;5;4;3;5;4;1;2;3;4;2;4;5;4;4;4;4;1;3;4;1;4;4;4;1;3;4;4;4;4;1;4;3;3;3;4;3;1;2;2;4;2;3;4;2;3;3;2;2;2;3;2;4;3;1;3;1;1;3;3;2
1278;EN;BAU2001;19;2;1;2;4;5;4;4;1;5;3;4;2;3;1;5;2;4;1;1;4;3;4;2;4;4;3;5;3;6;4;3;4;3;7;3;3;6;3;1;5;4;1;1;1;1;4;1;4;4;5;5;1;6;1;6;4;4;2;7;7;4;5;3;3;2;1;2;1;3;2;3;2;4;4;2;3;4;3;3;1;2;2;1;3;3;3;2;3;3;2;3;3;3;2;3;2;3;3;1;3;2;2;2;2;2;3;3;4;2;3;1;3;2;3;3;3;2;3;3;3;3;2
893;EN;SAN1990;30;2;1;4;4;4;4;4;1;1;1;3;4;2;4;3;3;3;3;5;5;5;5;3;1;2;2;2;1;7;1;2;7;2;7;1;5;6;6;3;3;6;1;6;3;4;4;7;5;4;5;1;5;4;6;2;2;1;7;2;7;4;3;4;4;5;3;4;2;2;4;5;4;1;4;5;4;4;2;1;1;4;2;4;3;4;1;1;4;4;4;4;1;4;3;4;3;3;4;1;1;1;3;2;4;3;2;3;4;1;1;3;2;3;2;3;3;1;2;1;1;3;4
1447;EN;Bou1993 ;27;2;2;4;2;4;4;4;1;2;2;2;3;5;4;4;5;4;3;3;3;4;2;3;2;4;4;5;6;4;4;3;7;5;7;3;5;7;6;4;6;6;1;4;2;6;5;2;4;6;5;4;5;5;2;7;4;1;6;7;4;5;5;5;5;3;4;1;1;4;5;5;5;5;5;4;4;4;3;2;1;3;2;3;2;4;2;1;3;3;4;3;2;3;2;2;1;4;4;1;1;2;3;1;1;4;1;1;1;1;2;2;2;4;2;4;3;1;4;3;1;4;3
9927;EN;HAR2000;20;2;1;4;4;4;3;4;1;3;4;4;4;5;2;3;4;4;2;1;3;4;2;4;2;5;4;3;2;4;3;2;4;2;5;2;3;4;2;6;4;3;4;5;2;1;6;1;1;3;2;4;2;6;2;4;1;2;1;7;2;4;1;5;5;3;2;3;3;4;2;3;3;2;4;3;2;3;2;3;4;4;3;2;3;2;3;4;3;3;2;2;3;2;3;2;2;3;2;3;2;3;3;3;2;3;2;3;3;3;2;1;2;3;2;3;2;2;3;3;2;3;4
1102;EN;LAZ1999;21;2;1;2;2;2;3;3;5;2;5;2;4;4;3;3;4;3;3;2;2;2;4;5;4;2;1;3;3;3;6;2;7;2;3;4;2;6;5;4;6;6;4;7;3;5;5;2;4;6;6;7;4;4;2;3;3;2;5;5;3;5;4;3;1;4;4;2;3;4;3;2;2;4;5;2;3;2;3;3;3;4;2;3;4;4;2;2;3;4;2;4;2;2;3;3;4;2;3;2;1;3;3;1;2;3;3;3;2;3;3;3;4;1;2;2;2;3;1;2;4;2;4
1076;EN;Fre1995;25;2;1;4;4;4;4;3;1;1;2;2;3;2;2;4;3;5;4;4;4;3;3;4;5;4;5;4;1;7;3;1;2;1;6;3;3;2;6;4;5;4;1;3;3;6;7;6;5;7;4;7;3;5;6;7;7;4;7;7;4;5;4;2;3;2;4;2;3;2;2;5;5;4;5;3;3;3;4;1;2;3;2;4;3;3;2;2;3;4;2;3;1;3;2;3;2;3;3;1;3;1;2;2;1;3;2;3;2;1;2;2;3;2;3;3;1;2;3;1;2;3;2
2027;EN;IOT 1988;32;1;2;5;4;4;4;4;5;4;4;4;4;3;5;4;4;4;3;2;4;4;4;3;3;3;3;3;4;4;2;3;6;2;4;3;2;6;5;6;4;7;6;4;6;4;6;6;5;4;5;5;7;5;6;4;5;6;5;4;5;4;5;4;4;2;3;4;1;3;5;4;3;3;2;4;2;4;3;2;2;3;3;2;1;2;4;2;1;2;2;2;3;2;2;2;1;3;1;1;3;3;1;1;2;1;3;3;4;1;1;3;3;1;4;1;3;4;1;1;4;1;4