"","Duration..in.seconds.","UserLanguage","id","age","gender","education","M1_1","M2_1","M3_1","M4_1","M5_1","U1_1","U2_1","U3_1","U4_1","S1_1","S2_1","S3_1","S4_1","S5_1","S6_1","I1_1","I2_1","I3_1","I4_1","I5_1","C1_1","C2_1","C4_1","C4_1.1","C5_1","ext_1","agr_1r","con_1","est_1r","ope_1","ext_2r","agr_2","con_2r","est_2","ope_2r","stomp_1_i","stomp_2_s","stomp_3_s","stomp_4_s","stomp_5_u","stomp_6_m","stomp_7_s","stomp_8_c","stomp_9_s","stomp_10_i","stomp_11_m","stomp_12_s","stomp_13_m","stomp_14_oldies","stomp_15_s","stomp_16_u","stomp_17_i","stomp_18_c","stomp_19_c","stomp_20_u","stomp_21_i","stomp_22_c","stomp_23_soundtrack","acoustic_pref_mellow","acoustic_pref_unpretentious","acoustic_pref_sophisticated","acoustic_pref_intense","acoustic_pref_contemporary","verbal_pref_mellow","verbal_pref_unpretentious","verbal_pref_sophisticated","verbal_pref_intense","verbal_pref_contemporary"
"1",1276,"EN","TOM2000",20,1,1,5,4,5,4,4,3,5,5,5,5,5,5,4,5,5,5,4,5,5,5,4,5,4,5,3,4,3,6,6,7,1,6,6,7,6,5,3.66666666666667,5,4.33333333333333,5,4.33333333333333,2.33333333333333,5,3,3,3,5,3.66666666666667,4.33333333333333,3,5,5,5,5,3,5,5,4.33333333333333,4.4,4.5,4.83333333333333,4.8,4.2,3.66666666666667,4.33333333333333,3.76190476190476,4.5,5
"2",760,"EN","AHM2000",20,1,1,3,5,2,4,4,5,3,2,2,2,2,2,4,4,4,1,1,1,2,2,2,3,5,5,4,2,4,5,1,6,1,7,3,5,4,3,3,3,3.66666666666667,3.66666666666667,4.33333333333333,3,2.33333333333333,2.33333333333333,1,1.66666666666667,3,3,2.33333333333333,2.33333333333333,4.33333333333333,1,5,4.33333333333333,3.66666666666667,1,3,4.33333333333333,3.6,3,3,1.4,3.8,3,3.88888888888889,2.9047619047619,1.5,3.66666666666667
"3",1387,"EN","TAS2001",19,2,1,4,2,4,2,2,2,3,3,2,3,2,1,1,3,4,1,1,1,1,1,1,2,3,2,2,6,3,6,5,6,6,7,6,6,6,1.66666666666667,1,1,3.66666666666667,3,3.66666666666667,3.66666666666667,3.66666666666667,1.66666666666667,1,3.66666666666667,3,1,3.66666666666667,1,5,1,5,3,3.66666666666667,1,5,5,2.8,2.5,2.33333333333333,1,2,2.77777777777778,3.88888888888889,2.14285714285714,1.16666666666667,4.16666666666667
"4",1524,"EN","HOQ2001",20,2,1,3,3,3,4,4,3,4,2,3,4,3,1,3,4,4,1,1,1,3,1,3,3,3,5,3,5,5,7,2,7,4,7,7,7,3,3,1.66666666666667,1.66666666666667,3.66666666666667,1.66666666666667,3,2.33333333333333,1.66666666666667,1,1,5,1,3,5,1,5,1,5,3,1,1,5,5,3.4,3,3.16666666666667,1.4,3.4,3.66666666666667,2.55555555555556,1.76190476190476,1.5,3.66666666666667
"5",798,"EN","COF2002",18,1,1,3,4,2,2,4,2,2,1,2,5,2,1,3,4,3,5,4,5,5,5,2,1,1,1,2,1,1,3,1,5,1,2,3,1,6,5,4.33333333333333,4.33333333333333,3,1,1,3.66666666666667,1,1,2.33333333333333,1,2.33333333333333,3,1,1,3,3.66666666666667,1,1,1,5,1,1,3,1.75,3,4.8,1.4,1.66666666666667,1.66666666666667,2.80952380952381,4,1
"6",934,"EN","URB2001",19,1,1,5,3,4,4,5,3,2,2,3,1,2,4,4,4,2,5,5,5,3,5,3,2,3,5,1,5,4,3,6,6,3,3,2,2,7,5,1.66666666666667,3.66666666666667,4.33333333333333,2.33333333333333,5,5,3.66666666666667,1,5,3.66666666666667,4.33333333333333,3,3.66666666666667,3,1,5,5,2.33333333333333,1,5,1,5,4.2,2.5,2.83333333333333,4.6,2.8,3.88888888888889,1.44444444444444,3.28571428571429,5,3
"7",1280,"EN","RAY2000",20,2,1,5,3,5,2,4,1,4,3,3,4,4,4,4,4,4,2,1,4,3,4,2,4,4,4,3,3,3,6,5,6,1,6,7,5,6,3.66666666666667,3.66666666666667,3.66666666666667,2.33333333333333,1.66666666666667,4.33333333333333,3,1.66666666666667,4.33333333333333,1,3.66666666666667,3.66666666666667,4.33333333333333,3.66666666666667,3.66666666666667,5,3.66666666666667,5,5,3.66666666666667,3.66666666666667,5,5,3.8,2.75,4,2.8,3.4,4.11111111111111,3.44444444444444,3.47619047619048,3,4.16666666666667
"8",2440,"EN","Ali 2001",19,2,1,1,1,5,3,5,1,1,1,1,1,1,1,5,3,1,1,1,1,1,1,1,2,1,4,5,7,3,7,5,7,7,7,7,7,4,1,1,1,1,1,1,1,1,1,1,1,1,1,1,1,3.66666666666667,1,5,5,5,1,5,1,3,1,2,1,2.6,1,3.22222222222222,1,1,4
"9",1221,"EN","ZHO2001",19,1,1,3,3,4,4,4,3,3,3,3,4,4,3,4,5,4,3,3,5,4,5,4,3,3,4,3,3,5,5,6,4,6,5,6,4,7,3,3,3,3.66666666666667,2.33333333333333,3,2.33333333333333,2.33333333333333,2.33333333333333,3,3,3.66666666666667,3,3,2.33333333333333,3,3,3.66666666666667,3,2.33333333333333,3,3,3,3.6,3,4,4,3.4,3,2.55555555555556,2.9047619047619,3,3
"10",1174,"EN","CAR2001",19,1,1,3,3,3,3,3,3,3,3,2,3,3,3,3,3,3,3,3,3,3,3,3,3,3,3,2,3,3,6,3,6,2,5,3,6,6,3,3,3,3,2.33333333333333,3,2.33333333333333,3,2.33333333333333,3,3,3,3,3,3,3,3,3,3,3,3,3,3.66666666666667,3,2.75,3,3,2.8,3,2.77777777777778,2.80952380952381,3,3
"11",1113,"EN","Beg2001",19,2,1,2,1,2,2,1,1,2,1,3,2,3,1,1,2,3,1,1,1,2,2,4,2,3,1,3,2,6,5,3,3,3,6,5,5,5,3,2.33333333333333,2.33333333333333,1.66666666666667,1.66666666666667,3,2.33333333333333,1.66666666666667,1.66666666666667,1.66666666666667,1.66666666666667,1.66666666666667,3.66666666666667,2.33333333333333,1.66666666666667,4.33333333333333,1.66666666666667,1.66666666666667,1.66666666666667,2.33333333333333,1.66666666666667,1.66666666666667,3,1.6,1.75,2,1.4,2.6,2.77777777777778,2.77777777777778,1.95238095238095,2,1.66666666666667
"12",782,"EN","Ahm2000",20,1,1,5,4,5,5,5,4,5,4,4,5,3,2,4,4,5,5,3,5,5,5,4,4,4,5,4,1,7,2,7,7,2,1,1,1,1,3.66666666666667,3.66666666666667,4.33333333333333,5,3.66666666666667,3.66666666666667,3.66666666666667,3.66666666666667,4.33333333333333,3,4.33333333333333,5,3.66666666666667,4.33333333333333,5,4.33333333333333,3.66666666666667,5,5,5,3.66666666666667,4.33333333333333,5,4.8,4.25,3.83333333333333,4.6,4.2,3.88888888888889,4.33333333333333,4.42857142857143,3.5,4.5
"13",741,"EN","Koy2000",19,1,1,4,2,4,4,4,1,4,2,3,4,2,3,3,4,3,1,1,2,2,1,2,2,3,4,4,5,6,6,6,6,3,5,6,6,6,3,3,3,3.66666666666667,2.33333333333333,3,1.66666666666667,3,1.66666666666667,1,2.33333333333333,3,2.33333333333333,1.66666666666667,2.33333333333333,3.66666666666667,1.66666666666667,4.33333333333333,3,1.66666666666667,1.66666666666667,3.66666666666667,4.33333333333333,3.6,2.5,3.16666666666667,1.4,3,2.55555555555556,2.55555555555556,2.61904761904762,1.83333333333333,3.5
"14",962,"EN","WIL2000",20,2,1,4,4,4,5,5,2,4,4,4,2,3,2,3,4,3,4,2,3,5,5,2,2,1,4,2,5,6,3,1,3,2,6,3,2,6,5,1,5,3.66666666666667,3.66666666666667,2.33333333333333,1,1,1,4.33333333333333,5,3.66666666666667,4.33333333333333,3.66666666666667,5,3.66666666666667,5,2.33333333333333,1,1,5,1,3.66666666666667,4.4,3.5,2.83333333333333,3.8,2.2,3.88888888888889,2.77777777777778,2.9047619047619,4.83333333333333,1.33333333333333
"15",1035,"EN","POZ2000",21,2,1,4,4,4,3,4,4,4,4,4,5,4,3,4,5,2,2,1,2,2,2,3,3,3,4,3,5,3,4,3,6,4,5,4,5,5,1.66666666666667,3,3.66666666666667,3.66666666666667,3.66666666666667,3.66666666666667,3.66666666666667,3,3,1.66666666666667,4.33333333333333,3.66666666666667,4.33333333333333,4.33333333333333,3,3.66666666666667,3,3.66666666666667,3.66666666666667,3,2.33333333333333,3.66666666666667,3,3.8,4,3.83333333333333,1.8,3.2,4.11111111111111,3.44444444444444,3.38095238095238,2.16666666666667,3.5
"16",1099,"EN","Ahmed",20,1,1,4,1,5,1,1,1,1,1,1,1,4,1,1,4,5,3,1,1,4,2,4,2,4,4,1,2,6,5,3,6,2,6,3,5,5,3.66666666666667,1.66666666666667,1.66666666666667,3.66666666666667,3.66666666666667,1.66666666666667,1.66666666666667,1.66666666666667,1.66666666666667,1.66666666666667,1.66666666666667,3.66666666666667,1.66666666666667,1.66666666666667,1.66666666666667,1.66666666666667,1.66666666666667,3.66666666666667,1.66666666666667,1.66666666666667,1.66666666666667,3.66666666666667,5,2.4,1,2.66666666666667,2.2,3,1.66666666666667,2.33333333333333,2.23809523809524,2.16666666666667,2.66666666666667
"17",868,"EN","ZYM2000",20,2,1,3,3,2,4,2,1,1,1,2,3,3,2,4,4,3,2,1,2,4,1,3,3,3,4,4,3,7,5,2,6,2,7,4,3,5,4.33333333333333,3.66666666666667,3.66666666666667,3.66666666666667,1,1.66666666666667,1,1,1,1,3.66666666666667,4.33333333333333,3.66666666666667,3.66666666666667,3.66666666666667,1.66666666666667,1,5,1,1,1,5,1,2.8,1.25,3.16666666666667,2,3.4,3,1.22222222222222,3,1.83333333333333,3
"18",837,"EN","CAN2001",19,2,1,2,3,3,4,5,2,4,3,4,3,3,1,4,3,4,1,1,3,3,2,3,3,4,4,4,6,3,6,5,7,7,6,7,5,5,3,1.66666666666667,1.66666666666667,1,3,1.66666666666667,1,1,1,1,1,1,3,2.33333333333333,2.33333333333333,5,1.66666666666667,4.33333333333333,1,1,1,1,3.66666666666667,3.4,3.25,3,2,3.6,1.88888888888889,3,1.38095238095238,1.66666666666667,1.83333333333333
"19",888,"EN","SUN1972",48,1,2,4,3,3,4,4,4,4,4,4,4,4,4,4,4,4,4,3,4,4,4,4,4,4,4,4,4,7,6,6,6,4,3,6,6,4,3.66666666666667,4.33333333333333,4.33333333333333,4.33333333333333,3.66666666666667,4.33333333333333,3.66666666666667,3.66666666666667,3,4.33333333333333,3,3.66666666666667,3,4.33333333333333,3.66666666666667,3.66666666666667,4.33333333333333,4.33333333333333,3.66666666666667,3.66666666666667,4.33333333333333,3.66666666666667,4.33333333333333,3.6,4,4,3.8,4,3.44444444444444,3.66666666666667,3.85714285714286,4.16666666666667,3.83333333333333
"20",1459,"EN","HAN2000",20,1,1,3,1,2,3,2,1,1,1,1,4,4,4,3,4,4,3,3,3,3,2,4,3,2,4,2,3,3,2,6,6,6,3,3,3,6,3.66666666666667,1,1,3.66666666666667,1,4.33333333333333,1.66666666666667,3.66666666666667,1,3,3,3,2.33333333333333,2.33333333333333,3,1.66666666666667,3,2.33333333333333,3,1,3.66666666666667,2.33333333333333,4.33333333333333,2.2,1,3.83333333333333,2.8,3,3.22222222222222,1.22222222222222,2.04761904761905,3.33333333333333,2.83333333333333
"21",4593,"EN","SUB2000",20,2,1,4,4,5,2,3,3,5,3,5,4,3,1,2,4,3,2,1,2,4,4,4,4,2,4,2,1,2,6,2,5,2,6,6,5,3,5,2.33333333333333,2.33333333333333,3.66666666666667,4.33333333333333,3.66666666666667,3.66666666666667,3.66666666666667,1,1.66666666666667,3,3.66666666666667,3.66666666666667,4.33333333333333,1,5,1.66666666666667,3.66666666666667,3.66666666666667,3.66666666666667,1.66666666666667,4.33333333333333,5,3.6,4,2.83333333333333,2.6,3.2,3.44444444444444,4.33333333333333,2.52380952380952,2.5,3.83333333333333
"22",1698,"EN","EVA2000",20,2,1,2,3,3,3,4,2,3,3,4,4,4,1,4,3,4,4,2,3,3,4,3,2,5,5,5,3,4,5,2,5,2,6,2,2,7,3.66666666666667,1,3.66666666666667,1.66666666666667,1.66666666666667,3,4.33333333333333,4.33333333333333,1.66666666666667,1,1,3.66666666666667,3,3.66666666666667,1,3,1,5,1,1,5,5,1.66666666666667,3,3,3.33333333333333,3.2,4,2.33333333333333,1.88888888888889,2.42857142857143,2.66666666666667,3.83333333333333
"23",1653,"EN","SUN1999",22,2,2,2,2,2,2,2,1,1,2,2,2,2,2,3,2,3,5,5,5,5,5,3,4,3,2,2,6,4,7,3,7,5,6,1,3,6,3,3,3,3.66666666666667,3,3.66666666666667,3,3.66666666666667,1.66666666666667,3.66666666666667,3,2.33333333333333,3,5,3,3.66666666666667,4.33333333333333,4.33333333333333,1.66666666666667,1.66666666666667,3.66666666666667,3.66666666666667,5,2,1.5,2.33333333333333,5,2.8,3.22222222222222,2.77777777777778,2.80952380952381,3.66666666666667,3.33333333333333
"24",796,"EN","IMA2000",20,2,1,1,1,2,4,3,2,3,2,2,4,4,2,3,3,4,3,3,3,3,4,1,3,5,5,5,5,3,5,3,5,3,5,7,3,3,3,3,3.66666666666667,1,1.66666666666667,1,1.66666666666667,1.66666666666667,3.66666666666667,1.66666666666667,3,2.33333333333333,3,3,1,3.66666666666667,1.66666666666667,5,5,3,1.66666666666667,5,3,2.2,2.25,3.33333333333333,3.2,3.8,2.33333333333333,2.77777777777778,2.33333333333333,2,4.16666666666667
"25",793,"EN","Gui1970",50,2,1,5,4,5,5,1,5,5,4,5,3,1,4,2,4,2,1,1,5,3,4,4,3,3,3,4,6,6,7,7,6,7,6,7,7,2,4.33333333333333,4.33333333333333,3.66666666666667,5,5,4.33333333333333,4.33333333333333,3.66666666666667,3.66666666666667,1.66666666666667,1.66666666666667,1,1.66666666666667,4.33333333333333,4.33333333333333,4.33333333333333,1,3,2.33333333333333,1.66666666666667,2.33333333333333,4.33333333333333,4.33333333333333,4,4.75,2.66666666666667,2.8,3.4,2.55555555555556,3.66666666666667,3.76190476190476,2.33333333333333,3.33333333333333
"26",1169,"EN","STA2000",20,2,1,5,2,5,2,4,4,2,4,1,3,4,3,4,5,5,4,1,2,2,3,4,4,2,3,5,5,5,6,1,5,5,6,6,4,6,4.33333333333333,3,3.66666666666667,5,1,5,1,5,3.66666666666667,1,1.66666666666667,4.33333333333333,1.66666666666667,5,4.33333333333333,4.33333333333333,3.66666666666667,5,5,1,4.33333333333333,5,5,3.6,2.75,4,2.4,3.6,2.77777777777778,2.11111111111111,3.57142857142857,3.33333333333333,5
"27",1618,"EN","Cro2001",19,1,1,1,3,3,3,4,3,3,5,4,5,4,1,3,2,5,5,4,3,4,4,3,4,4,2,3,4,6,5,6,6,6,6,4,5,7,3,3,3,1.66666666666667,1.66666666666667,2.33333333333333,2.33333333333333,3.66666666666667,3,3,3,3.66666666666667,3,3,1.66666666666667,3,3,3,2.33333333333333,1,3.66666666666667,3,3.66666666666667,2.8,3.75,3.33333333333333,4,3.2,2.77777777777778,1.88888888888889,2.61904761904762,3.16666666666667,3
"28",4168,"EN","LUX2001",19,1,2,3,3,2,3,3,1,2,3,2,2,3,3,3,2,3,4,5,4,3,4,3,3,3,4,2,6,2,5,4,6,7,5,4,5,6,3.66666666666667,2.33333333333333,3,3,1.66666666666667,3,2.33333333333333,3,1,5,1.66666666666667,3,1.66666666666667,2.33333333333333,1,3,4.33333333333333,3.66666666666667,3,1.66666666666667,3.66666666666667,1.66666666666667,3.66666666666667,2.8,2,2.66666666666667,4,3,2.11111111111111,2.11111111111111,2.23809523809524,4.16666666666667,2.83333333333333
"29",1551,"EN","WEL2000",20,1,1,4,4,4,4,3,2,4,4,5,4,2,2,4,4,4,5,3,4,4,4,3,3,2,3,3,3,6,6,1,4,3,6,4,3,5,3,3,2.33333333333333,2.33333333333333,3.66666666666667,3,2.33333333333333,3,3,3,3,1.66666666666667,3,1.66666666666667,1.66666666666667,4.33333333333333,3.66666666666667,2.33333333333333,2.33333333333333,2.33333333333333,5,2.33333333333333,4.33333333333333,3.8,3.75,3.33333333333333,4,2.8,3,3.44444444444444,2.33333333333333,3.66666666666667,2.5
"30",1120,"EN","MOR1999",22,2,1,4,2,4,3,1,1,1,1,1,5,3,2,3,4,4,3,2,3,2,4,2,1,1,2,1,2,2,3,1,5,2,5,1,4,6,3,3,1.66666666666667,4.33333333333333,1,4.33333333333333,1,2.33333333333333,1,3,1,3.66666666666667,3,1,1.66666666666667,1,2.33333333333333,1,1,1,3,1,3,2.8,1,3.5,2.8,1.4,2.77777777777778,1,2.33333333333333,2.83333333333333,1.33333333333333
"31",1326,"EN","TOL1990",30,1,2,3,4,3,4,3,3,2,2,4,2,3,3,2,3,3,4,5,5,4,4,2,2,2,2,2,1,5,1,1,5,6,6,1,2,5,4.33333333333333,1.66666666666667,1.66666666666667,3.66666666666667,3.66666666666667,3.66666666666667,3,2.33333333333333,1,5,3,3,3.66666666666667,3.66666666666667,3,2.33333333333333,3,3,2.33333333333333,1,3,2.33333333333333,4.33333333333333,3.4,2.75,2.66666666666667,4.4,2,3.44444444444444,2.33333333333333,2.42857142857143,3.83333333333333,2.5
"32",1240,"EN","Bri1996",24,2,2,2,3,3,3,3,3,2,3,2,3,3,3,4,2,3,4,4,4,4,4,3,3,2,3,2,2,5,5,3,4,2,6,3,3,5,3.66666666666667,1.66666666666667,3,3,3,2.33333333333333,2.33333333333333,3,1.66666666666667,4.33333333333333,3,3.66666666666667,3,3,2.33333333333333,3,4.33333333333333,2.33333333333333,2.33333333333333,3,5,3,3.66666666666667,2.8,2.5,3,4,2.6,2.77777777777778,3,2.52380952380952,4.33333333333333,2.66666666666667
"33",1111,"EN","RAH2002",18,2,1,4,4,4,2,4,3,3,3,3,3,3,2,3,4,3,4,1,3,2,3,2,1,2,2,2,4,5,3,3,5,2,7,6,7,7,3,3,3,5,1.66666666666667,2.33333333333333,1,1,1,1.66666666666667,2.33333333333333,3,2.33333333333333,2.33333333333333,1,5,2.33333333333333,5,1.66666666666667,5,4.33333333333333,3,5,3.6,3,3,2.6,1.8,2.33333333333333,3.88888888888889,2.42857142857143,2.83333333333333,2.66666666666667
"34",1043,"EN","BEG2001",20,2,1,5,2,5,4,4,1,4,4,4,4,4,1,3,4,3,4,1,2,4,4,1,4,4,5,4,6,7,5,6,6,3,7,6,5,6,3,3,3.66666666666667,3.66666666666667,1,3.66666666666667,1,2.33333333333333,1,1,3,4.33333333333333,4.33333333333333,1,1,5,3,5,3.66666666666667,1,4.33333333333333,5,5,4,3.25,3.16666666666667,3,3.6,3.66666666666667,2.33333333333333,2.52380952380952,2.83333333333333,4
"35",937,"EN","MOO1996",24,2,2,5,3,5,4,5,4,4,4,4,3,4,4,5,5,4,5,5,5,5,5,4,3,3,3,3,3,3,5,2,5,2,7,4,3,6,5,3.66666666666667,3.66666666666667,4.33333333333333,3.66666666666667,3,5,3,3.66666666666667,4.33333333333333,3.66666666666667,3.66666666666667,3.66666666666667,5,3,3.66666666666667,3.66666666666667,3,3.66666666666667,3,5,3.66666666666667,4.33333333333333,4.4,4,4.16666666666667,5,3.2,3.44444444444444,3.44444444444444,3.85714285714286,4.5,3.33333333333333
"36",1108,"EN","KHI2001",19,2,1,4,4,5,5,4,1,3,2,4,4,3,3,4,4,3,1,1,1,1,2,3,1,3,5,4,5,3,6,3,6,4,6,3,3,5,2.33333333333333,1.66666666666667,3,1.66666666666667,2.33333333333333,1.66666666666667,1,1.66666666666667,1,1,2.33333333333333,3,3,3,2.33333333333333,3.66666666666667,1.66666666666667,5,3.66666666666667,3,1,5,4.33333333333333,4.4,2.5,3.5,1.2,3.2,2.33333333333333,3,1.95238095238095,1.5,3.83333333333333
"37",793,"EN","PAT2000",20,1,1,5,4,5,5,5,2,4,2,4,3,2,1,5,4,4,1,1,1,1,1,3,1,2,3,4,6,3,6,6,7,3,6,6,4,6,1,1,1,5,1,1,1,1,1,1,1,3,1,1,1,1,1,4.33333333333333,3,1,1,3,1,4.8,3,3.16666666666667,1,2.6,1,1,1.85714285714286,1,2.83333333333333
"38",1250,"EN","Kol1998",23,2,1,4,2,4,3,2,4,2,2,4,4,2,3,2,4,4,4,2,3,4,4,2,4,4,2,2,3,7,5,3,7,3,7,3,6,6,3.66666666666667,3,2.33333333333333,3.66666666666667,1.66666666666667,5,1.66666666666667,1.66666666666667,2.33333333333333,1.66666666666667,3,2.33333333333333,3,2.33333333333333,2.33333333333333,4.33333333333333,3.66666666666667,4.33333333333333,3,1.66666666666667,3.66666666666667,4.33333333333333,3,3,3,3.16666666666667,3.4,2.8,3.66666666666667,2.55555555555556,2.52380952380952,3.16666666666667,3.33333333333333
"39",1472,"EN","MOR2001",19,1,1,3,2,4,2,2,4,2,4,2,1,4,1,2,3,3,2,1,2,3,4,1,1,1,4,2,5,2,7,5,6,3,6,7,6,3,3.66666666666667,3.66666666666667,4.33333333333333,3,3.66666666666667,1.66666666666667,1,1,1,1,1.66666666666667,3.66666666666667,1,5,1,1,3.66666666666667,1.66666666666667,1,1,5,1,3.66666666666667,2.6,3,2.33333333333333,2.4,1.8,1.44444444444444,1.88888888888889,2.52380952380952,3.33333333333333,1.16666666666667
"40",941,"EN","Bry1982",38,2,1,4,3,4,3,3,2,4,3,3,4,3,4,4,4,4,1,1,1,4,4,3,4,4,4,4,5,5,5,4,6,4,7,7,6,6,3.66666666666667,3.66666666666667,1.66666666666667,5,1,5,1,5,1,1,4.33333333333333,3.66666666666667,1,1,3,5,3,3,3,1.66666666666667,1,3,1,3.4,3,3.83333333333333,2.2,3.8,3.44444444444444,2.55555555555556,2.71428571428571,2.16666666666667,3.5
"41",879,"EN","Akh2001",19,2,1,5,1,4,5,2,2,1,4,4,4,4,2,4,4,4,5,2,2,5,5,5,5,2,4,2,3,2,6,2,6,2,3,6,5,3,2.33333333333333,3,2.33333333333333,3.66666666666667,1.66666666666667,3.66666666666667,2.33333333333333,2.33333333333333,3,1.66666666666667,3,2.33333333333333,3,2.33333333333333,1,5,4.33333333333333,4.33333333333333,3.66666666666667,3.66666666666667,3.66666666666667,5,5,3.4,2.75,3.66666666666667,3.8,3.6,3.22222222222222,3.44444444444444,2.52380952380952,3,3.83333333333333
"42",1622,"EN","HUS2001",19,2,1,4,2,4,5,3,1,4,2,5,4,1,1,1,3,2,4,1,5,5,5,2,1,4,5,1,1,3,6,2,6,2,6,3,5,5,3.66666666666667,1,1,2.33333333333333,1.66666666666667,3,1,3,1.66666666666667,4.33333333333333,3,1.66666666666667,3.66666666666667,3.66666666666667,1,5,3.66666666666667,4.33333333333333,2.33333333333333,2.33333333333333,4.33333333333333,3.66666666666667,4.33333333333333,3.6,3,2,4,2.6,3.22222222222222,3,1.38095238095238,4,3.33333333333333
"43",825,"EN","SH1999",21,2,1,4,3,5,3,4,2,3,3,5,4,3,3,3,4,5,2,1,1,2,3,1,1,2,2,1,3,6,7,5,7,1,7,4,7,7,3,3,3.66666666666667,3.66666666666667,1.66666666666667,1.66666666666667,3,1.66666666666667,1.66666666666667,1.66666666666667,3.66666666666667,3.66666666666667,3,3,3,3.66666666666667,1.66666666666667,3.66666666666667,3.66666666666667,3,3.66666666666667,3.66666666666667,3.66666666666667,3.8,3.25,3.66666666666667,1.8,1.4,2.77777777777778,2.77777777777778,3.0952380952381,2.5,3.16666666666667
"44",7956,"EN","Ker1974",47,2,1,2,3,3,3,3,3,3,4,4,2,2,4,2,3,2,3,3,3,2,3,2,2,5,3,3,6,3,6,4,7,6,3,4,4,3,3,3,3,3,3.66666666666667,5,2.33333333333333,2.33333333333333,3,3.66666666666667,1.66666666666667,1.66666666666667,1.66666666666667,4.33333333333333,4.33333333333333,5,4.33333333333333,5,4.33333333333333,1,1.66666666666667,5,3.66666666666667,2.8,3.5,2.5,2.8,3,2.77777777777778,3.22222222222222,2.9047619047619,3.16666666666667,4.16666666666667
"45",1182,"EN","Sun1972",49,2,2,2,4,2,4,3,3,3,2,4,2,2,2,4,2,2,2,2,4,4,2,4,2,2,3,2,1,1,7,3,1,7,5,7,3,1,3,3,2.33333333333333,2.33333333333333,2.33333333333333,3.66666666666667,2.33333333333333,2.33333333333333,2.33333333333333,2.33333333333333,2.33333333333333,2.33333333333333,2.33333333333333,3.66666666666667,2.33333333333333,5,2.33333333333333,3,2.33333333333333,1.66666666666667,2.33333333333333,2.33333333333333,3,3,3,2.33333333333333,2.8,2.6,2.77777777777778,3,2.42857142857143,2.5,2.5
"46",1429,"EN","Coo1972",48,1,2,4,4,4,3,5,4,4,4,4,5,2,5,5,5,3,4,4,3,4,5,3,5,2,3,4,3,3,6,3,6,3,7,4,3,3,5,3.66666666666667,5,5,4.33333333333333,3,2.33333333333333,4.33333333333333,3.66666666666667,4.33333333333333,2.33333333333333,2.33333333333333,2.33333333333333,4.33333333333333,4.33333333333333,5,4.33333333333333,2.33333333333333,5,2.33333333333333,5,5,5,4,4,4.16666666666667,4,3.4,2.55555555555556,3.88888888888889,3.76190476190476,4.66666666666667,4.16666666666667
"47",759,"EN","Bar1991",29,2,2,2,2,1,3,4,1,3,3,4,2,1,2,2,3,1,4,4,5,4,4,1,1,4,3,2,6,3,5,1,7,6,7,3,1,7,3,1,1,1.66666666666667,1.66666666666667,4.33333333333333,2.33333333333333,3,3,3,3,1.66666666666667,4.33333333333333,5,1.66666666666667,5,3,4.33333333333333,3.66666666666667,1,4.33333333333333,5,3.66666666666667,2.4,2.75,1.83333333333333,4.2,2.2,3.88888888888889,2.55555555555556,1.76190476190476,3.33333333333333,4
"48",12977,"EN","AKT2001",19,2,1,4,4,4,4,4,4,4,4,4,3,3,1,2,2,4,1,1,3,4,2,2,2,4,4,4,1,5,5,1,5,2,7,6,2,6,1.66666666666667,1.66666666666667,1.66666666666667,4.33333333333333,2.33333333333333,2.33333333333333,1.66666666666667,1,1,1,3,1.66666666666667,1,1,1,4.33333333333333,1,4.33333333333333,3,4.33333333333333,1,4.33333333333333,4.33333333333333,4,4,2.5,2.2,3.2,2.11111111111111,3.66666666666667,1.85714285714286,1.16666666666667,3.16666666666667
"49",990,"EN","BAR1989",31,2,1,4,2,3,3,3,1,1,1,1,3,3,3,3,1,4,3,1,3,2,3,5,4,4,4,4,4,4,6,2,5,1,7,4,7,7,1,1,1,1,3,3.66666666666667,1,1,1,1,1,1,1,1.66666666666667,1,5,1,5,5,1,2.33333333333333,5,3,3,1,2.83333333333333,2.4,4.2,1.88888888888889,3,1,1.33333333333333,4
"50",938,"EN","car1990",30,2,1,5,2,5,2,3,1,3,3,3,4,2,5,3,4,3,1,1,1,1,5,1,3,4,5,4,5,2,5,1,7,6,7,7,3,7,5,1,1,5,3,2.33333333333333,1,3,3,1,1,1,1,5,1,3.66666666666667,4.33333333333333,5,3,1,1,5,5,3.4,2.5,3.5,1.8,3.4,1.44444444444444,2.55555555555556,1.85714285714286,2.83333333333333,4
"51",1553,"EN","NEI1998",22,2,1,3,3,2,3,2,2,4,4,3,3,4,3,4,3,3,5,5,4,4,5,2,2,2,4,2,2,6,3,2,5,3,5,2,2,7,4.33333333333333,3.66666666666667,3,2.33333333333333,3.66666666666667,3,3,2.33333333333333,1.66666666666667,4.33333333333333,3,3,3,3,2.33333333333333,1.66666666666667,5,3,3,2.33333333333333,5,2.33333333333333,3.66666666666667,2.6,3.25,3.33333333333333,4.6,2.4,3,2.55555555555556,2.71428571428571,4.66666666666667,2.66666666666667
"52",967,"EN","Vow1999",21,2,2,4,5,4,2,5,2,4,3,4,3,3,2,4,3,4,1,1,1,1,1,3,1,3,3,5,2,4,5,1,6,3,7,4,2,4,3.66666666666667,3,3.66666666666667,3.66666666666667,4.33333333333333,2.33333333333333,3,3,3.66666666666667,1.66666666666667,3.66666666666667,3.66666666666667,3.66666666666667,4.33333333333333,1.66666666666667,5,3.66666666666667,3,1.66666666666667,2.33333333333333,1.66666666666667,5,5,4,3.25,3.16666666666667,1,3,3.22222222222222,3.88888888888889,3.19047619047619,2.66666666666667,3.16666666666667
"53",18514,"EN","AHM1987",33,2,1,3,3,4,2,3,1,2,4,2,4,2,1,3,2,2,1,1,1,1,1,2,1,1,2,4,2,6,6,1,2,3,7,5,3,2,1,1,1,2.33333333333333,1.66666666666667,1.66666666666667,1.66666666666667,1.66666666666667,1.66666666666667,1,3,1,1,3,1,4.33333333333333,1,3.66666666666667,1,1,1,3.66666666666667,3.66666666666667,3,2.25,2.33333333333333,1,2,1.88888888888889,2.33333333333333,1.38095238095238,1,2.5
"54",1015,"EN","AHM1997",23,1,1,4,1,4,4,3,4,3,1,3,4,4,3,3,4,4,1,1,1,1,1,1,1,4,3,2,3,5,5,6,6,2,5,3,6,1,1,1,1,1,1,1,1,1,1,1,3.66666666666667,1,1,1,1,4.33333333333333,1,5,3.66666666666667,3.66666666666667,1,5,4.33333333333333,3.2,2.75,3.66666666666667,1,2.2,1.88888888888889,3,1,1,3.66666666666667
"55",751,"EN","CRA1994",26,2,1,4,4,4,2,2,4,4,5,4,5,4,3,4,3,4,1,1,3,4,4,2,2,2,2,2,4,5,3,1,6,4,6,3,2,7,1,2.33333333333333,3.66666666666667,2.33333333333333,2.33333333333333,1.66666666666667,3,3,4.33333333333333,1,3.66666666666667,3.66666666666667,2.33333333333333,3.66666666666667,2.33333333333333,5,1.66666666666667,3,1.66666666666667,1,4.33333333333333,3.66666666666667,3.66666666666667,3.2,4.25,3.83333333333333,2.6,2,2.55555555555556,2.77777777777778,3.0952380952381,2,2.83333333333333
"56",1019,"EN","ALI2001",19,2,1,5,5,5,4,5,4,5,2,5,4,3,1,5,4,4,3,1,5,2,1,2,1,4,5,2,1,3,6,5,3,1,7,7,7,7,1,1,4.33333333333333,3.66666666666667,3.66666666666667,1.66666666666667,4.33333333333333,1,1,1,1,2.33333333333333,1,1,1,5,1,4.33333333333333,4.33333333333333,1.66666666666667,1,5,3.66666666666667,4.8,4,3.5,2.4,2.8,1.22222222222222,3.44444444444444,2.52380952380952,1,3.66666666666667
"57",17911,"EN","AHM1991",29,2,1,4,4,4,3,4,4,4,4,3,4,3,2,3,4,4,1,1,2,3,1,3,3,3,3,3,4,5,6,1,3,3,6,5,2,3,3.66666666666667,1.66666666666667,3.66666666666667,3,3,1,4.33333333333333,3.66666666666667,1,1,3.66666666666667,3.66666666666667,1,3.66666666666667,1.66666666666667,5,1,5,1.66666666666667,5,2.33333333333333,4.33333333333333,4.33333333333333,3.8,3.75,3.33333333333333,1.6,3,1.88888888888889,4.33333333333333,2.71428571428571,2,3.66666666666667
"58",9689,"EN","AHM2000",20,2,1,5,4,5,2,5,5,3,4,3,3,3,3,4,4,4,1,1,4,2,1,2,2,3,5,2,5,1,6,2,3,3,6,4,3,3,4.33333333333333,3.66666666666667,3.66666666666667,3.66666666666667,3,3,3.66666666666667,3,1,1,3,3,1,3,1,5,1,5,4.33333333333333,1,3.66666666666667,5,5,4.2,3.75,3.5,1.8,2.8,2.33333333333333,3,2.80952380952381,2.5,4.33333333333333
"59",1535,"EN","NAV2001",19,4,1,3,5,4,4,4,1,3,5,4,3,3,1,3,4,4,5,5,5,5,5,5,5,4,3,4,5,4,6,4,5,5,6,3,5,7,5,1.66666666666667,2.33333333333333,3,1.66666666666667,2.33333333333333,3,3,1,4.33333333333333,3,1.66666666666667,3,3.66666666666667,1,3.66666666666667,3.66666666666667,3.66666666666667,3,1,5,3.66666666666667,3.66666666666667,4,3.25,3,5,4.2,2.77777777777778,2.11111111111111,1.95238095238095,4.5,3.33333333333333
"60",987,"EN","AHM2001",20,1,1,2,1,1,4,1,1,2,1,1,1,1,1,2,2,2,1,1,2,2,1,2,2,3,4,3,4,6,5,6,6,6,5,4,6,6,1,1,1.66666666666667,1,2.33333333333333,2.33333333333333,1,1,1,1,1,1,1,1,1.66666666666667,5,1,5,1,3.66666666666667,2.33333333333333,3.66666666666667,4.33333333333333,1.8,1.25,1.5,1.4,2.8,1.44444444444444,3.66666666666667,1.19047619047619,1.33333333333333,2.66666666666667
"61",1141,"EN","Bed1972",48,2,2,5,4,4,4,3,2,4,3,5,2,2,5,3,3,1,1,2,4,5,4,4,2,2,4,3,6,3,7,3,5,3,7,7,6,5,1.66666666666667,1.66666666666667,1.66666666666667,4.33333333333333,5,2.33333333333333,2.33333333333333,1,3,2.33333333333333,1.66666666666667,1,1.66666666666667,4.33333333333333,5,4.33333333333333,3,1,1.66666666666667,3,4.33333333333333,3,3,4,3.5,2.66666666666667,3.2,3,1.88888888888889,4.11111111111111,2.71428571428571,2.83333333333333,1.66666666666667
"62",1641,"EN","Bro",33,2,2,1,5,3,4,4,1,2,1,3,1,1,1,4,1,3,1,1,1,1,1,1,4,4,4,5,5,4,7,7,5,1,7,7,7,3,1,1,1,1,1,1,1,1,1,1,1,1,5,3.66666666666667,1,3,1,1,5,1,1,5,1,3.4,1.75,1.83333333333333,1,3.6,2.33333333333333,1.66666666666667,1,1,3
"63",2145,"EN","Ham1954",66,2,2,3,5,3,3,4,5,4,4,3,4,2,4,4,4,3,1,1,2,2,2,4,4,3,4,4,2,7,7,2,4,2,7,7,6,3,3,3,1.66666666666667,1.66666666666667,3.66666666666667,2.33333333333333,2.33333333333333,2.33333333333333,3,1,2.33333333333333,1,2.33333333333333,3,3,5,1,3,5,1,2.33333333333333,4.33333333333333,3.66666666666667,3.6,4,3.5,1.6,3.8,2.33333333333333,3.22222222222222,2.23809523809524,1.83333333333333,3.66666666666667
"64",1228,"EN","WIL1978",42,2,2,4,4,4,5,4,3,4,3,4,3,3,4,4,4,4,1,1,2,3,1,5,3,3,5,4,6,3,6,6,6,3,6,3,6,5,3.66666666666667,3.66666666666667,4.33333333333333,4.33333333333333,4.33333333333333,5,4.33333333333333,4.33333333333333,5,2.33333333333333,3,5,3.66666666666667,4.33333333333333,4.33333333333333,5,3,5,5,3.66666666666667,4.33333333333333,5,5,4.2,3.5,3.66666666666667,1.6,4,3.88888888888889,4.33333333333333,4.42857142857143,3.33333333333333,4.83333333333333
"65",1014,"EN","Bur1985",35,2,2,2,3,4,5,4,2,2,3,4,2,1,2,3,2,2,1,1,4,5,3,3,1,3,3,4,6,3,7,3,4,3,3,3,5,3,5,1,1,1,3.66666666666667,1.66666666666667,2.33333333333333,1,1.66666666666667,1,1,1,1,3,1,5,1,1.66666666666667,2.33333333333333,1,1.66666666666667,3,5,3.6,2.75,2,2.8,2.8,1.22222222222222,3.22222222222222,1.28571428571429,2.16666666666667,2
"66",1736,"EN","ULL2001",20,2,1,5,4,4,5,4,5,5,4,4,3,5,5,4,4,2,3,5,5,5,5,3,3,5,5,5,5,6,7,3,5,2,7,7,6,4,1.66666666666667,3,4.33333333333333,5,4.33333333333333,2.33333333333333,4.33333333333333,3,3.66666666666667,3.66666666666667,3,4.33333333333333,3,3,4.33333333333333,5,3,5,5,3.66666666666667,4.33333333333333,5,5,4.4,4.5,3.83333333333333,4.6,4.2,2.77777777777778,4.33333333333333,4.14285714285714,3.16666666666667,4.5
"67",2273,"EN","GOL2001",19,2,1,5,4,5,3,2,1,1,1,5,3,3,1,1,5,3,5,5,5,5,5,1,1,1,1,1,6,3,7,5,5,2,7,7,7,7,5,1,2.33333333333333,4.33333333333333,1,1,1,2.33333333333333,1,5,2.33333333333333,3.66666666666667,2.33333333333333,4.33333333333333,1,4.33333333333333,3.66666666666667,1.66666666666667,1.66666666666667,1,5,1,5,3.8,2,2.66666666666667,5,1,1.88888888888889,2.11111111111111,2.04761904761905,4.66666666666667,1.66666666666667
"68",1050,"EN","GAR2001",19,2,1,4,3,4,2,3,3,3,4,2,4,5,3,3,5,4,4,4,4,5,5,2,2,4,3,3,5,5,6,2,5,6,5,5,3,6,4.33333333333333,3,4.33333333333333,3.66666666666667,2.33333333333333,2.33333333333333,3.66666666666667,2.33333333333333,3,3.66666666666667,3.66666666666667,3.66666666666667,3,4.33333333333333,3,3.66666666666667,4.33333333333333,3.66666666666667,3,2.33333333333333,5,3,3,3.2,3,4,4.4,2.8,3,2.77777777777778,3.47619047619048,4.33333333333333,3
"69",1778,"EN","GUI1995",25,1,1,3,3,2,4,3,4,4,4,4,2,3,2,3,2,4,3,4,5,5,5,3,2,2,2,2,3,7,7,6,3,3,3,7,6,4,3.66666666666667,3,3.66666666666667,3,4.33333333333333,2.33333333333333,3.66666666666667,3,3,4.33333333333333,3,3.66666666666667,3,3.66666666666667,2.33333333333333,3.66666666666667,3,4.33333333333333,3,1.66666666666667,5,3,5,3,4,2.66666666666667,4.4,2.2,2.77777777777778,3.22222222222222,3.19047619047619,4,3.33333333333333
"70",1219,"EN","NOR1995",25,2,1,3,3,3,4,4,4,3,4,3,2,5,3,5,4,5,4,1,4,5,5,3,2,1,3,4,4,6,7,3,5,4,7,5,3,7,3,3,4.33333333333333,2.33333333333333,3,1.66666666666667,3.66666666666667,2.33333333333333,4.33333333333333,1.66666666666667,3,4.33333333333333,3,5,5,4.33333333333333,1.66666666666667,3,2.33333333333333,3,5,5,4.33333333333333,3.4,3.5,4,3.8,2.6,2.55555555555556,3.44444444444444,3.85714285714286,2.83333333333333,3.16666666666667
"71",1455,"EN","CAM2001",20,2,1,4,4,3,2,4,2,2,3,2,4,3,4,4,4,4,3,2,3,2,4,3,3,3,4,3,6,6,5,3,6,4,7,5,2,3,5,3,3.66666666666667,4.33333333333333,3.66666666666667,3,3.66666666666667,3.66666666666667,3,1,2.33333333333333,3.66666666666667,3,5,4.33333333333333,5,3.66666666666667,5,3,1.66666666666667,5,3.66666666666667,5,3.4,2.25,3.83333333333333,2.8,3.2,2.77777777777778,3.44444444444444,3.66666666666667,3.66666666666667,3.83333333333333
"72",10144,"EN","Khatun 2000",20,2,1,4,2,4,2,4,2,3,3,2,3,2,2,2,2,3,1,1,1,1,2,2,1,2,4,4,2,3,7,2,6,1,6,5,5,5,3.66666666666667,1,1,1,1,1,1,1,1,1,4.33333333333333,1,1,1,1,5,1,4.33333333333333,1,4.33333333333333,1,4.33333333333333,4.33333333333333,3.2,2.5,2.33333333333333,1.2,2.6,2.11111111111111,3.44444444444444,1,1.66666666666667,2.66666666666667
"73",2007,"EN","KEL1968",52,2,2,4,3,3,3,3,2,3,3,4,2,3,4,3,3,2,4,2,4,4,4,3,2,3,3,3,5,7,6,5,5,4,7,7,7,7,5,3.66666666666667,3.66666666666667,5,4.33333333333333,4.33333333333333,3.66666666666667,4.33333333333333,4.33333333333333,3.66666666666667,5,3.66666666666667,3.66666666666667,3.66666666666667,4.33333333333333,5,4.33333333333333,4.33333333333333,4.33333333333333,4.33333333333333,5,4.33333333333333,4.33333333333333,3.2,3,2.83333333333333,3.6,2.8,4.33333333333333,4.55555555555556,4.04761904761905,4.5,4.33333333333333
"74",3472,"EN","MIM1999",21,1,2,2,3,3,4,3,1,1,2,2,4,4,1,3,3,4,3,3,3,3,4,3,3,2,4,4,1,5,4,1,2,1,6,6,4,3,3.66666666666667,3,3.66666666666667,1.66666666666667,1,2.33333333333333,3,3.66666666666667,1.66666666666667,3.66666666666667,3,3.66666666666667,3,3,1.66666666666667,3.66666666666667,3.66666666666667,4.33333333333333,4.33333333333333,2.33333333333333,4.33333333333333,4.33333333333333,5,3,1.5,3.16666666666667,3.2,3.2,2.77777777777778,2.33333333333333,2.61904761904762,3.83333333333333,4.16666666666667
"75",956,"EN","BOU2001",20,2,1,2,2,2,2,4,1,4,2,1,4,1,2,2,1,1,1,2,2,1,1,2,4,4,4,4,6,5,6,6,7,3,6,6,5,5,1,1,1,1,1,1.66666666666667,1,1,1,1,1,1,1,1,1.66666666666667,3.66666666666667,1,3.66666666666667,1,5,1,2.33333333333333,2.33333333333333,2.4,2,1.83333333333333,1.4,3.6,1.22222222222222,3.22222222222222,1.0952380952381,1,2
"76",1019,"EN","HUS2000",20,2,2,2,2,3,3,2,3,2,2,2,2,2,1,3,3,2,1,1,1,2,2,2,2,2,4,4,2,5,4,2,4,4,6,4,3,3,1,1,1,1,1,1,1,1,1,1,1,1,1,1,1,3,1,4.33333333333333,1,1,1,3,1,2.4,2.25,2.16666666666667,1.4,2.8,1,1.66666666666667,1,1,2.33333333333333
"77",1145,"EN","RAH1994",26,2,1,2,4,2,4,4,4,4,2,4,3,2,2,2,2,2,2,1,2,3,3,2,2,4,4,2,3,6,5,3,6,2,6,2,6,4,1.66666666666667,1.66666666666667,1.66666666666667,1.66666666666667,3.66666666666667,1.66666666666667,3.66666666666667,1.66666666666667,1.66666666666667,1.66666666666667,1.66666666666667,1.66666666666667,1.66666666666667,1.66666666666667,1.66666666666667,4.33333333333333,1,4.33333333333333,1.66666666666667,1.66666666666667,1.66666666666667,4.33333333333333,4.33333333333333,3.2,3.5,2.16666666666667,2.2,2.8,1.66666666666667,3.22222222222222,1.95238095238095,1.5,3
"78",1149,"EN","ZAV00",20,2,1,4,3,3,3,2,4,3,4,4,4,4,3,3,4,3,4,1,4,3,4,2,2,4,4,2,6,4,7,6,7,3,7,7,6,6,3,1.66666666666667,3,3.66666666666667,3.66666666666667,4.33333333333333,3,3,1,1,3,3.66666666666667,3,4.33333333333333,1.66666666666667,4.33333333333333,1,4.33333333333333,4.33333333333333,1,3.66666666666667,1,4.33333333333333,3,3.75,3.5,3.2,2.8,3.44444444444444,3,2.52380952380952,2.16666666666667,3.16666666666667
"79",1116,"EN","JOH2001",19,1,1,5,4,2,5,5,3,4,4,2,4,4,5,3,5,5,5,5,4,5,5,2,3,1,2,4,3,2,5,4,3,1,5,7,5,7,4.33333333333333,3,3,4.33333333333333,3,3.66666666666667,3,3,2.33333333333333,4.33333333333333,3,3.66666666666667,3.66666666666667,5,4.33333333333333,3.66666666666667,3,1,3.66666666666667,1.66666666666667,4.33333333333333,3.66666666666667,2.33333333333333,4.2,3.25,4.33333333333333,4.8,2.4,3.44444444444444,2.77777777777778,3.38095238095238,4,2.83333333333333
"80",1555,"EN","HID2000",20,2,1,2,3,2,3,2,2,2,3,2,4,4,1,4,3,3,2,1,2,2,2,3,3,5,5,3,5,4,5,3,7,3,5,2,4,3,3,3,3,2.33333333333333,2.33333333333333,2.33333333333333,3,3,2.33333333333333,1.66666666666667,3,3,3,3.66666666666667,2.33333333333333,4.33333333333333,3,5,3.66666666666667,2.33333333333333,3,5,3,2.4,2.25,3.16666666666667,1.8,3.8,2.77777777777778,3,2.71428571428571,2.66666666666667,4.16666666666667
"81",685,"EN","Noo2000",20,2,1,3,4,3,4,5,1,4,3,4,3,2,4,5,4,3,4,4,4,5,4,3,3,2,4,3,5,6,5,7,5,3,6,7,6,6,5,3,3,3.66666666666667,1,4.33333333333333,1,1.66666666666667,1,4.33333333333333,1,3,3,3,3,4.33333333333333,3.66666666666667,5,3.66666666666667,1,3.66666666666667,3.66666666666667,4.33333333333333,3.8,3,3.5,4.2,3,2.77777777777778,2.11111111111111,2.52380952380952,4.16666666666667,3.5
"82",901,"EN","Pea",43,1,2,2,1,5,4,5,4,5,5,5,3,4,5,4,5,4,4,4,5,4,4,4,3,2,4,2,6,1,7,2,7,6,7,4,4,7,1.66666666666667,1,4.33333333333333,5,3.66666666666667,1,1.66666666666667,1,1.66666666666667,3.66666666666667,1.66666666666667,1,3,5,2.33333333333333,5,1.66666666666667,2.33333333333333,3.66666666666667,1.66666666666667,5,5,5,3.4,4.75,4.16666666666667,4.2,3,1.88888888888889,3.44444444444444,2.42857142857143,3,3
"83",1023,"EN","Moo1962",58,2,1,3,3,4,3,3,4,4,4,4,2,3,1,3,2,4,1,1,1,1,2,4,4,2,3,4,6,6,6,7,5,7,7,7,7,2,3,4.33333333333333,4.33333333333333,3.66666666666667,1.66666666666667,3,3,3.66666666666667,3.66666666666667,1,1,1.66666666666667,3.66666666666667,3,1,4.33333333333333,1.66666666666667,4.33333333333333,5,3.66666666666667,4.33333333333333,5,5,3.2,4,2.5,1.2,3.4,2.55555555555556,3.22222222222222,3.0952380952381,2.5,4.5
"84",11902,"EN","PAY1977",43,1,2,4,2,3,2,3,4,3,4,4,1,2,1,3,3,2,4,3,5,5,5,2,3,1,1,3,6,3,6,3,5,5,6,5,5,6,1,1,3,3.66666666666667,3.66666666666667,3.66666666666667,1,1,1,5,1,3,1,3.66666666666667,1,3.66666666666667,1,1,3,1,5,2.33333333333333,3.66666666666667,2.8,3.75,2,4.4,2,1.88888888888889,2.77777777777778,1.95238095238095,3,1.83333333333333
"85",721,"EN","Bur1982",38,1,2,2,3,2,3,3,2,1,1,2,1,1,1,3,1,3,1,1,2,3,4,4,1,1,4,3,2,6,5,6,4,5,3,5,6,3,1,1,1,1,1,3,1,1.66666666666667,1,1.66666666666667,1,1,1,1.66666666666667,1,2.33333333333333,1,2.33333333333333,1,1,2.33333333333333,2.33333333333333,1,2.6,1.5,1.66666666666667,2.2,2.6,1.66666666666667,1.44444444444444,1,1.5,1.83333333333333
"86",1114,"EN","AHM1997",23,1,1,3,4,5,2,5,2,3,2,3,4,2,3,4,4,3,1,1,1,1,2,1,1,2,2,2,7,7,6,3,7,3,7,6,7,6,3,3,3.66666666666667,3.66666666666667,3,1.66666666666667,3.66666666666667,3,3,1.66666666666667,3,4.33333333333333,3,3,3,3.66666666666667,3,5,3.66666666666667,3.66666666666667,3.66666666666667,4.33333333333333,3,3.8,2.5,3.33333333333333,1.2,1.6,2.55555555555556,3.44444444444444,3.47619047619048,2.83333333333333,4
"87",2451,"EN","HAY1978",42,1,2,4,4,4,3,3,2,2,3,4,1,2,3,4,4,4,2,2,4,4,4,4,4,2,1,1,4,7,6,3,5,3,7,5,3,3,3.66666666666667,3.66666666666667,3.66666666666667,4.33333333333333,3.66666666666667,4.33333333333333,4.33333333333333,4.33333333333333,2.33333333333333,3.66666666666667,2.33333333333333,2.33333333333333,4.33333333333333,5,4.33333333333333,5,4.33333333333333,3,5,1,5,3.66666666666667,5,3.6,2.75,3,3.2,2.4,3.66666666666667,3.22222222222222,3.57142857142857,4.16666666666667,4
"88",1422,"EN","MOR1965",55,2,2,2,5,5,4,4,2,5,4,5,3,3,3,3,2,2,4,1,5,5,4,3,3,2,3,4,4,4,6,6,6,7,6,6,7,4,3.66666666666667,3.66666666666667,3.66666666666667,4.33333333333333,4.33333333333333,1.66666666666667,4.33333333333333,3,3.66666666666667,1,3.66666666666667,4.33333333333333,4.33333333333333,4.33333333333333,3.66666666666667,4.33333333333333,1,4.33333333333333,4.33333333333333,3.66666666666667,4.33333333333333,4.33333333333333,5,4,4,2.66666666666667,3.8,3,3.22222222222222,4.11111111111111,3.95238095238095,2.5,4
"89",403197,"EN","HUS001",19,2,1,2,2,3,3,2,3,3,3,2,4,4,2,3,2,3,2,1,2,1,1,2,4,3,3,2,5,1,5,6,6,5,6,5,5,6,1.66666666666667,1.66666666666667,3,2.33333333333333,1.66666666666667,3.66666666666667,3.66666666666667,1.66666666666667,1,1,3,3,4.33333333333333,3,1.66666666666667,5,3,5,1.66666666666667,1.66666666666667,2.33333333333333,5,5,2.4,2.75,3,1.4,2.8,3.66666666666667,2.77777777777778,2.33333333333333,2,3.33333333333333
"90",649,"EN","Vak2000",21,2,1,5,5,5,4,5,2,4,2,3,4,3,2,4,4,5,1,2,2,1,1,3,4,2,3,4,6,6,3,3,5,6,7,6,3,5,3.66666666666667,4.33333333333333,4.33333333333333,5,1.66666666666667,3.66666666666667,3,1,1,1,3.66666666666667,2.33333333333333,3.66666666666667,1,1,5,1,5,4.33333333333333,1,1,5,4.33333333333333,4.8,2.75,3.66666666666667,1.4,3.2,3.66666666666667,2.55555555555556,3,1.66666666666667,3.83333333333333
"91",1258,"EN","HAL1977",43,2,1,4,1,5,5,4,2,5,5,4,2,5,2,4,2,5,5,1,2,3,5,3,4,4,5,5,6,7,7,3,5,5,7,7,6,1,3,3,4.33333333333333,3.66666666666667,4.33333333333333,4.33333333333333,4.33333333333333,4.33333333333333,5,1.66666666666667,5,4.33333333333333,3,3.66666666666667,3,4.33333333333333,5,4.33333333333333,5,5,5,5,4.33333333333333,3.8,4,3.33333333333333,3.2,4.2,4.11111111111111,4.55555555555556,3.95238095238095,3.66666666666667,4.66666666666667
"92",937,"EN","fgt3457",41,1,2,4,2,3,3,2,2,3,4,3,4,5,2,4,4,5,1,1,4,3,3,4,2,1,1,1,2,4,5,6,4,3,3,5,5,5,3,3.66666666666667,3.66666666666667,3.66666666666667,3.66666666666667,3,3.66666666666667,3,3,2.33333333333333,2.33333333333333,4.33333333333333,2.33333333333333,3,1.66666666666667,1.66666666666667,1.66666666666667,1,1.66666666666667,4.33333333333333,2.33333333333333,1,3.66666666666667,2.8,3,4,2.4,1.8,2.55555555555556,3.22222222222222,3.38095238095238,2.33333333333333,1.66666666666667
"93",1211,"EN","OLA1989",31,2,1,4,4,3,4,4,3,4,4,4,3,3,4,4,3,4,2,1,2,2,4,2,2,3,3,2,5,6,3,7,6,3,4,3,6,4,3,4.33333333333333,4.33333333333333,4.33333333333333,4.33333333333333,1,3.66666666666667,3.66666666666667,3.66666666666667,1.66666666666667,3,3.66666666666667,1.66666666666667,5,3.66666666666667,5,3.66666666666667,3,1,3,3.66666666666667,4.33333333333333,4.33333333333333,3.8,3.75,3.5,2.2,2.4,1.88888888888889,4.11111111111111,3.95238095238095,3,3
"94",953,"EN","FAG1996",25,2,1,2,4,3,4,4,1,3,2,2,2,3,2,3,2,3,4,5,5,5,5,3,4,4,4,5,2,2,7,2,6,1,6,5,3,7,4.33333333333333,2.33333333333333,3,2.33333333333333,1,1,3,3.66666666666667,1.66666666666667,4.33333333333333,3,3.66666666666667,3,3.66666666666667,1.66666666666667,3.66666666666667,5,4.33333333333333,3.66666666666667,1,4.33333333333333,3.66666666666667,2.33333333333333,3.4,2,2.5,4.8,4,2.33333333333333,1.88888888888889,2.52380952380952,4.5,3.83333333333333
"95",2055,"EN","Dav1998",22,2,2,5,5,4,5,5,4,4,4,4,5,4,4,3,5,5,5,4,4,5,5,5,5,5,5,5,4,6,3,1,7,2,7,2,1,7,5,2.33333333333333,4.33333333333333,3.66666666666667,1.66666666666667,4.33333333333333,3.66666666666667,5,3,4.33333333333333,4.33333333333333,4.33333333333333,3,4.33333333333333,3,5,5,5,4.33333333333333,2.33333333333333,5,5,4.33333333333333,4.8,4,4.33333333333333,4.6,5,3.88888888888889,3,3.47619047619048,4.83333333333333,4.83333333333333
"96",1307,"EN","JAG1994",26,2,1,4,2,3,1,1,1,4,4,3,5,4,4,3,5,3,3,2,1,2,4,1,2,2,2,4,5,2,5,1,6,3,6,5,5,5,3.66666666666667,3,3.66666666666667,5,5,1,5,1,3,1,3,3.66666666666667,3,3.66666666666667,2.33333333333333,3.66666666666667,1.66666666666667,3.66666666666667,2.33333333333333,1,2.33333333333333,3.66666666666667,3.66666666666667,2.2,3,4,2.4,2.2,2.33333333333333,3.22222222222222,3.66666666666667,2.16666666666667,2.66666666666667
"97",808,"EN","Isl2001",19,1,2,4,4,2,3,4,2,3,1,3,2,2,1,4,3,2,1,1,1,1,1,1,3,3,2,3,7,5,5,6,5,6,7,6,5,5,1.66666666666667,1.66666666666667,1.66666666666667,1.66666666666667,1.66666666666667,1.66666666666667,1.66666666666667,1.66666666666667,1.66666666666667,1.66666666666667,1.66666666666667,1.66666666666667,1.66666666666667,1.66666666666667,1.66666666666667,4.33333333333333,1.66666666666667,4.33333333333333,1.66666666666667,5,1.66666666666667,4.33333333333333,1.66666666666667,3.4,2.25,2.33333333333333,1,2.4,1.66666666666667,3.66666666666667,1.66666666666667,1.66666666666667,3
"98",1127,"EN","DEA2001",19,2,1,3,4,2,3,4,4,2,4,4,2,3,1,3,2,4,4,2,4,4,4,2,2,3,3,3,6,2,5,3,5,3,5,3,2,5,4.33333333333333,3,3,2.33333333333333,1,5,1,4.33333333333333,1.66666666666667,1,2.33333333333333,3,3.66666666666667,3.66666666666667,1,5,3,4.33333333333333,3.66666666666667,1,3,3.66666666666667,4.33333333333333,3.2,3.5,2.5,3.6,2.6,3.66666666666667,2.33333333333333,2.14285714285714,2.83333333333333,4
"99",1138,"EN","Amm2001",19,2,1,2,4,3,2,2,1,2,2,3,1,2,1,3,2,2,4,4,5,4,5,2,1,1,2,1,1,3,2,2,5,1,5,2,2,6,4.33333333333333,3.66666666666667,3.66666666666667,3.66666666666667,3,2.33333333333333,4.33333333333333,2.33333333333333,3,4.33333333333333,2.33333333333333,2.33333333333333,3.66666666666667,2.33333333333333,2.33333333333333,3,3.66666666666667,1,1,3.66666666666667,5,1.66666666666667,3.66666666666667,2.6,2,1.83333333333333,4.4,1.4,2.77777777777778,3.22222222222222,3.28571428571429,4.33333333333333,1.5
"100",984,"EN","ALI1997",24,2,1,4,3,4,4,5,3,4,3,3,5,4,3,4,5,3,2,2,2,2,3,4,4,4,5,5,6,5,6,2,6,2,7,5,6,5,3,3,3.66666666666667,3.66666666666667,1.66666666666667,1.66666666666667,3.66666666666667,3,3.66666666666667,1.66666666666667,4.33333333333333,4.33333333333333,3,3.66666666666667,3,3.66666666666667,3,5,3.66666666666667,3,3,5,3.66666666666667,4,3.25,4,2.2,4.4,3,2.77777777777778,3.57142857142857,2.66666666666667,4.16666666666667
"101",1636,"EN","DIM1998",22,1,1,4,3,4,1,5,4,4,4,4,3,4,2,4,3,2,4,1,4,5,4,3,3,1,3,3,2,6,5,3,2,1,6,3,6,2,3.66666666666667,3,4.33333333333333,3,3,1.66666666666667,4.33333333333333,3.66666666666667,1.66666666666667,5,2.33333333333333,4.33333333333333,2.33333333333333,4.33333333333333,1,3.66666666666667,4.33333333333333,3.66666666666667,3.66666666666667,1,5,3.66666666666667,3,3.4,4,3,3.6,2.6,2.11111111111111,2.55555555555556,3.0952380952381,4.5,3.66666666666667
"102",947,"EN","ALA2001",19,2,1,4,2,5,3,4,2,4,3,2,3,2,2,2,2,3,2,1,2,3,2,2,2,2,2,2,5,3,5,4,5,4,6,5,4,4,3.66666666666667,3,3,3,3,3.66666666666667,3,3,3,1.66666666666667,3.66666666666667,3,3.66666666666667,2.33333333333333,2.33333333333333,3.66666666666667,2.33333333333333,3.66666666666667,2.33333333333333,3,1.66666666666667,3,3.66666666666667,3.6,2.75,2.33333333333333,2,2,3.66666666666667,3.22222222222222,2.9047619047619,2.33333333333333,3
"103",662,"EN","Hum1996",24,2,1,4,2,4,4,4,1,2,1,2,4,2,1,1,1,3,1,1,2,1,2,4,2,4,5,3,6,5,5,3,6,5,7,6,6,3,3.66666666666667,2.33333333333333,1.66666666666667,1,1.66666666666667,4.33333333333333,1.66666666666667,1.66666666666667,1.66666666666667,1.66666666666667,2.33333333333333,1.66666666666667,4.33333333333333,1.66666666666667,1,3,1,5,1.66666666666667,4.33333333333333,1.66666666666667,5,4.33333333333333,3.6,1.5,2,1.4,3.6,3.66666666666667,3,1.57142857142857,2,3.33333333333333
"104",1447,"EN","MON1995",25,2,1,4,3,3,3,3,2,3,4,3,3,2,2,3,3,3,3,2,2,3,4,3,3,2,3,3,5,5,5,4,7,2,7,6,7,6,3,3,3,3.66666666666667,2.33333333333333,3.66666666666667,1.66666666666667,3,3,1,2.33333333333333,3.66666666666667,2.33333333333333,2.33333333333333,1.66666666666667,5,1.66666666666667,5,4.33333333333333,2.33333333333333,2.33333333333333,5,3,3.2,3,2.66666666666667,2.8,2.8,2.77777777777778,3.22222222222222,2.80952380952381,2,4.33333333333333
"105",1055,"EN","Moh2000",20,2,1,4,3,5,5,3,1,3,1,1,5,2,1,2,3,5,1,1,1,1,1,2,3,3,4,5,4,3,7,3,5,1,7,7,7,7,1,1,1,2.33333333333333,3,1,1,1,4.33333333333333,1,5,3,1,1,1,4.33333333333333,1,4.33333333333333,1,5,1,5,5,4,1.5,3,1,3.4,2.33333333333333,4.11111111111111,1.95238095238095,1,2.83333333333333
"106",762,"EN","Cir ",1998,2,1,5,5,5,5,5,2,4,4,5,4,4,4,4,5,5,3,4,2,5,4,2,4,4,5,5,6,3,7,3,7,2,7,5,6,7,5,3.66666666666667,3.66666666666667,5,4.33333333333333,3.66666666666667,5,3.66666666666667,3.66666666666667,3,3.66666666666667,5,5,5,4.33333333333333,5,5,5,3.66666666666667,3.66666666666667,5,5,4.33333333333333,5,3.75,4.33333333333333,3.6,4,4.11111111111111,4.33333333333333,4.33333333333333,4.5,4.33333333333333
"107",882,"EN","Ali2000",20,1,1,3,3,3,3,4,2,3,2,1,3,3,1,4,3,4,2,1,2,1,3,2,2,5,4,3,6,3,5,7,6,4,2,2,7,2,1.66666666666667,1.66666666666667,1.66666666666667,1.66666666666667,1.66666666666667,1.66666666666667,1.66666666666667,1.66666666666667,1.66666666666667,1.66666666666667,1.66666666666667,1.66666666666667,1.66666666666667,1.66666666666667,1.66666666666667,3.66666666666667,1.66666666666667,5,3,1.66666666666667,1.66666666666667,2.33333333333333,4.33333333333333,3.2,2,3,1.8,3.2,1.66666666666667,2.33333333333333,1.66666666666667,1.66666666666667,3
"108",1391,"EN","KIM1998",22,2,1,5,2,4,3,4,5,4,5,2,4,5,4,5,5,4,1,1,3,3,5,3,3,2,3,4,1,3,6,2,7,1,7,5,3,6,3,3,4.33333333333333,4.33333333333333,3,2.33333333333333,3,4.33333333333333,3,3.66666666666667,3.66666666666667,4.33333333333333,3,4.33333333333333,3.66666666666667,4.33333333333333,3,4.33333333333333,2.33333333333333,1.66666666666667,5,4.33333333333333,4.33333333333333,3.6,4,4.5,2.6,3,3,3,3.66666666666667,3.66666666666667,3.83333333333333
"109",1407,"EN","Flo1997",23,2,1,5,4,3,4,3,2,1,5,2,5,5,4,4,5,5,5,4,5,5,5,3,4,4,4,4,2,3,7,3,6,1,5,7,6,4,5,1.66666666666667,3.66666666666667,5,1.66666666666667,4.33333333333333,1,4.33333333333333,1,3,3,4.33333333333333,4.33333333333333,4.33333333333333,4.33333333333333,1,3.66666666666667,3.66666666666667,4.33333333333333,1,5,4.33333333333333,5,3.8,2.5,4.66666666666667,4.8,3.8,3.88888888888889,1.22222222222222,3,4.16666666666667,4.16666666666667
"110",787,"EN","RD1995",25,2,1,5,3,5,4,4,1,3,1,1,3,3,2,3,3,4,1,1,2,1,1,3,3,4,4,4,4,6,6,4,4,4,7,5,5,6,3,3,3,3.66666666666667,1,1.66666666666667,1,4.33333333333333,1.66666666666667,1,3,1.66666666666667,3,1,3,3.66666666666667,2.33333333333333,5,3,3,1,5,4.33333333333333,4.2,1.5,3,1.2,3.6,2.55555555555556,2.55555555555556,2.42857142857143,1.83333333333333,4.33333333333333
"111",2538,"EN","Sch1998",23,1,1,3,4,4,5,3,1,3,2,2,3,3,4,3,4,3,4,4,4,5,5,4,2,1,5,1,2,3,6,2,5,3,6,3,3,4,4.33333333333333,3.66666666666667,3,3.66666666666667,1.66666666666667,4.33333333333333,3.66666666666667,4.33333333333333,2.33333333333333,5,3,3.66666666666667,3.66666666666667,3.66666666666667,3,2.33333333333333,4.33333333333333,2.33333333333333,1.66666666666667,3.66666666666667,5,3.66666666666667,5,3.8,2,3.33333333333333,4.4,2.6,3.66666666666667,2.55555555555556,3.28571428571429,4.66666666666667,3
"112",746,"EN","HAD1998",22,2,1,4,2,3,3,3,2,3,1,3,5,3,2,3,4,4,1,1,1,1,1,2,4,4,4,5,5,5,7,3,6,6,5,5,3,5,1,1.66666666666667,3.66666666666667,3.66666666666667,2.33333333333333,1.66666666666667,2.33333333333333,1,3,1,2.33333333333333,4.33333333333333,1,1,3,3.66666666666667,1,5,5,1,1,5,4.33333333333333,3,2.25,3.5,1,3.8,1.66666666666667,2.33333333333333,3.0952380952381,1,4
"113",1202,"EN","NIS2002",18,3,1,4,5,4,2,4,4,4,5,3,5,5,3,4,5,5,5,2,4,5,5,2,3,4,3,3,6,5,5,3,7,2,5,1,4,7,4.33333333333333,5,3.66666666666667,3.66666666666667,3,3.66666666666667,5,4.33333333333333,3.66666666666667,3.66666666666667,4.33333333333333,5,4.33333333333333,4.33333333333333,4.33333333333333,3,5,3,3.66666666666667,3.66666666666667,4.33333333333333,3.66666666666667,3.66666666666667,3.8,4,4.5,4.2,3,4.11111111111111,3.22222222222222,4.33333333333333,4.33333333333333,3.66666666666667
"114",930,"EN","AKT2000",20,2,1,4,2,4,5,4,2,3,2,2,4,3,2,3,4,3,1,1,1,1,3,3,3,4,4,3,6,7,3,3,4,5,6,5,4,3,2.33333333333333,1,1,3,1,3,1,1,1,1,1.66666666666667,2.33333333333333,1.66666666666667,1,1.66666666666667,4.33333333333333,1,4.33333333333333,4.33333333333333,4.33333333333333,1,1,3.66666666666667,3.8,2.25,3.16666666666667,1.4,3.4,2.11111111111111,3.22222222222222,1.57142857142857,1.33333333333333,2.66666666666667
"115",928,"EN","ROB2001",19,1,1,3,2,2,3,3,1,2,4,2,2,4,1,2,2,3,4,2,4,5,4,3,2,2,4,5,5,6,6,7,7,4,6,6,6,2,3.66666666666667,2.33333333333333,3,2.33333333333333,1.66666666666667,4.33333333333333,3,3,1.66666666666667,2.33333333333333,3,3,3,2.33333333333333,1.66666666666667,3.66666666666667,3.66666666666667,5,3.66666666666667,1.66666666666667,5,3,1,2.6,2.25,2.33333333333333,3.8,3.2,3.44444444444444,2.33333333333333,2.42857142857143,3.66666666666667,3.66666666666667
"116",1427,"EN","WAT1997",23,2,1,4,4,4,3,5,4,4,5,2,3,3,3,4,3,3,4,3,3,5,5,4,3,2,3,2,1,5,1,3,6,1,3,2,3,5,5,3,4.33333333333333,3.66666666666667,2.33333333333333,1.66666666666667,3,3.66666666666667,2.33333333333333,3.66666666666667,3,3,3,3.66666666666667,2.33333333333333,2.33333333333333,5,3,1.66666666666667,1,5,3,4.33333333333333,4,3.75,3.16666666666667,4,2.8,2.55555555555556,1.88888888888889,3.0952380952381,4.66666666666667,2.83333333333333
"117",895,"EN","HSU1987",33,2,1,3,3,4,1,2,4,1,3,2,4,3,1,4,2,2,5,4,5,5,5,2,4,4,4,1,2,5,6,2,7,1,6,5,3,6,3.66666666666667,1,3,2.33333333333333,1,4.33333333333333,3.66666666666667,3.66666666666667,2.33333333333333,5,3.66666666666667,2.33333333333333,1,3.66666666666667,1,4.33333333333333,4.33333333333333,3.66666666666667,2.33333333333333,1,5,3,3,2.6,2.5,2.66666666666667,4.8,3,3,2.11111111111111,2.23809523809524,4.5,3.16666666666667
"118",2505,"EN","JAM2001",18,2,1,3,1,4,4,3,1,2,1,1,3,3,3,4,3,3,1,1,1,1,1,3,4,3,4,5,3,3,4,4,5,4,6,4,4,7,4.33333333333333,3,3.66666666666667,1.66666666666667,1,2.33333333333333,1.66666666666667,4.33333333333333,1.66666666666667,1,1.66666666666667,3,1.66666666666667,3.66666666666667,1.66666666666667,3.66666666666667,1.66666666666667,5,1.66666666666667,1,1.66666666666667,5,1.66666666666667,3,1.25,3.16666666666667,1,3.8,1.88888888888889,1.88888888888889,2.33333333333333,2.16666666666667,4
"119",9009,"EN","MAH2002",18,2,2,3,3,4,2,1,1,3,1,3,3,3,1,2,2,3,1,1,1,2,1,2,2,2,3,4,4,6,6,7,5,5,6,6,7,3,1,1,1,1,3,1,1,1,1,1,3,1.66666666666667,4.33333333333333,1,1,4.33333333333333,1,3.66666666666667,1,4.33333333333333,1,3,3.66666666666667,2.6,2,2.33333333333333,1.2,2.6,2.77777777777778,3.88888888888889,1.0952380952381,1,2.16666666666667
"120",1829,"EN","ODO1991",29,2,1,4,3,4,3,5,3,4,4,4,4,5,3,4,4,5,2,2,3,4,3,3,3,1,1,5,2,5,5,2,4,1,3,6,5,4,1.66666666666667,1,3.66666666666667,3.66666666666667,1,1,2.33333333333333,1,1,3.66666666666667,4.33333333333333,5,2.33333333333333,4.33333333333333,1.66666666666667,5,1,1,4.33333333333333,1,5,4.33333333333333,3.66666666666667,3.8,3.75,4.16666666666667,2.8,2.6,2.55555555555556,2.33333333333333,2.61904761904762,2.83333333333333,2.66666666666667
"121",557,"EN","RIA1997",24,1,1,4,3,4,4,3,1,3,1,2,3,4,3,2,3,1,1,1,1,1,1,1,1,2,4,1,5,5,5,3,6,3,6,3,5,5,3.66666666666667,3.66666666666667,3.66666666666667,4.33333333333333,3,1.66666666666667,3.66666666666667,2.33333333333333,1,1,3.66666666666667,3,3,1,2.33333333333333,3.66666666666667,1,4.33333333333333,3.66666666666667,4.33333333333333,2.33333333333333,4.33333333333333,5,3.6,1.75,2.66666666666667,1,1.8,2.77777777777778,3.66666666666667,3.0952380952381,2,3.66666666666667
"122",1138,"EN","HEN1996",24,3,2,4,5,5,4,5,2,5,2,4,5,4,3,5,5,5,5,5,4,5,5,4,3,5,4,5,3,3,6,1,6,3,7,5,2,7,5,3.66666666666667,1.66666666666667,4.33333333333333,2.33333333333333,4.33333333333333,5,1.66666666666667,1.66666666666667,3.66666666666667,3,3,4.33333333333333,3,1.66666666666667,3.66666666666667,5,5,1.66666666666667,1.66666666666667,4.33333333333333,3.66666666666667,4.33333333333333,4.6,3.25,4.5,4.8,4.2,3.88888888888889,2.55555555555556,3,4.5,3
"123",803,"EN","BEG2001",19,2,2,2,1,4,5,3,1,2,1,3,1,1,1,3,2,3,1,1,2,1,2,2,1,3,4,4,5,4,5,2,5,3,6,6,4,5,3.66666666666667,2.33333333333333,3,1,1.66666666666667,5,3,3.66666666666667,1,1,1,1,1,1,1,5,1,5,5,3,2.33333333333333,5,3,3,1.75,1.83333333333333,1.4,2.8,2.33333333333333,3.22222222222222,1.76190476190476,2,4.66666666666667
"124",858,"EN","UDD1996",24,1,1,1,5,4,3,4,4,2,3,4,4,4,2,2,3,1,3,1,4,4,2,4,1,5,5,4,2,6,6,1,6,1,6,1,1,1,4.33333333333333,3,2.33333333333333,3.66666666666667,2.33333333333333,3.66666666666667,2.33333333333333,3.66666666666667,1.66666666666667,1,3,3,3.66666666666667,3,2.33333333333333,4.33333333333333,3.66666666666667,5,3,1.66666666666667,5,4.33333333333333,3.66666666666667,3.4,3.25,2.66666666666667,2.8,3.8,3.44444444444444,2.77777777777778,2.61904761904762,3.5,4
"125",3507,"EN","1066",21,2,1,4,2,2,4,2,2,2,4,2,4,4,2,3,4,3,3,2,2,5,5,4,3,4,3,1,2,4,2,3,6,2,4,3,3,5,5,1.66666666666667,1.66666666666667,3.66666666666667,3.66666666666667,5,3,2.33333333333333,1,1.66666666666667,1,1,1.66666666666667,3,1.66666666666667,5,5,4.33333333333333,1.66666666666667,1.66666666666667,5,4.33333333333333,3.66666666666667,2.8,2.5,3.33333333333333,3.4,3,2.55555555555556,3.44444444444444,1.95238095238095,4.16666666666667,3.16666666666667
"126",1158,"EN","DIP1988",33,1,1,4,1,3,4,2,3,3,4,3,3,4,3,2,3,4,5,3,4,3,5,3,3,1,5,3,1,6,5,4,5,2,7,5,4,5,3,3,3,3,1.66666666666667,3.66666666666667,3,3.66666666666667,2.33333333333333,4.33333333333333,3,3,3,3,3,3,5,4.33333333333333,4.33333333333333,3,5,3,3,2.8,3.25,3.16666666666667,4,3,3.22222222222222,2.55555555555556,2.9047619047619,4.33333333333333,3.83333333333333
"127",880,"EN","Dut1998",23,1,1,5,1,5,5,1,2,5,5,5,5,2,4,1,5,3,5,4,5,5,4,3,2,2,4,4,1,7,7,2,7,1,7,7,5,3,5,2.33333333333333,2.33333333333333,5,3.66666666666667,4.33333333333333,5,2.33333333333333,1,3.66666666666667,3.66666666666667,1.66666666666667,3.66666666666667,5,3.66666666666667,3.66666666666667,5,3.66666666666667,3.66666666666667,1,5,3.66666666666667,3,3.4,4.25,3.33333333333333,4.6,3,3.88888888888889,2.77777777777778,3,4.66666666666667,3.33333333333333
"128",1161,"EN","Pet 1993",27,3,2,5,4,4,4,4,1,3,2,4,3,5,5,5,5,5,3,3,5,4,4,2,2,1,5,5,1,7,7,4,4,1,6,3,7,7,5,3,4.33333333333333,4.33333333333333,3,3,5,5,4.33333333333333,5,5,5,5,3.66666666666667,3.66666666666667,3,5,5,3,4.33333333333333,5,5,5,4.2,2.5,4.66666666666667,3.8,3,4.33333333333333,3.44444444444444,4.23809523809524,5,4.5
"129",1268,"EN","KER2001",20,1,1,4,4,4,5,5,4,2,4,2,4,4,2,5,4,4,4,2,4,5,5,3,4,3,5,5,4,6,5,3,5,3,6,5,6,6,5,2.33333333333333,3,3,2.33333333333333,4.33333333333333,4.33333333333333,3.66666666666667,1.66666666666667,3.66666666666667,3,4.33333333333333,3,3,1.66666666666667,3.66666666666667,3.66666666666667,4.33333333333333,3,1.66666666666667,5,3.66666666666667,3.66666666666667,4.4,3,3.83333333333333,4,4,3.44444444444444,2.55555555555556,2.9047619047619,4.33333333333333,3.66666666666667
"130",987,"EN","PHI2000",20,1,1,3,4,3,3,3,3,4,4,4,3,4,2,3,3,3,4,2,4,4,4,2,2,1,2,2,1,7,4,5,4,1,5,2,6,2,4.33333333333333,3,2.33333333333333,3,3.66666666666667,1.66666666666667,3,1.66666666666667,1.66666666666667,3.66666666666667,3,2.33333333333333,3,3,1,4.33333333333333,4.33333333333333,1,1.66666666666667,1.66666666666667,4.33333333333333,1.66666666666667,3.66666666666667,3.2,3.75,3,3.6,1.8,2.55555555555556,3.22222222222222,2.33333333333333,4.16666666666667,1.5
"131",1072,"EN","RYB2001",19,1,1,4,2,3,1,2,2,3,3,3,3,5,1,1,4,5,5,5,5,4,5,1,1,1,1,1,6,3,7,5,7,5,2,1,3,7,4.33333333333333,2.33333333333333,2.33333333333333,5,1,1,1.66666666666667,1,3,5,3,3.66666666666667,3,3,1,1,5,1,3.66666666666667,1,4.33333333333333,3,4.33333333333333,2.4,2.75,3.16666666666667,4.8,1,2.33333333333333,1,2.71428571428571,4.66666666666667,2.16666666666667
"132",994,"EN","MCK2001",19,2,1,1,3,1,4,1,1,2,1,2,3,5,1,1,4,4,1,1,1,1,1,4,5,5,3,5,3,3,7,3,7,1,7,7,7,4,1.66666666666667,1,1,1.66666666666667,1.66666666666667,1.66666666666667,1,1.66666666666667,3.66666666666667,1.66666666666667,1.66666666666667,1.66666666666667,1.66666666666667,1.66666666666667,1.66666666666667,3.66666666666667,1,3,3.66666666666667,3,2.33333333333333,5,1.66666666666667,2,1.5,3,1,4.4,1.66666666666667,2.77777777777778,1.66666666666667,1.66666666666667,3.33333333333333
"133",4295,"EN","GIR2000",20,2,1,3,5,5,5,5,4,5,4,5,5,1,3,5,5,5,1,1,3,3,3,1,2,3,3,3,3,7,4,1,7,1,7,3,4,7,4.33333333333333,5,3.66666666666667,5,5,1.66666666666667,5,3,3,1,5,1,3,5,1,5,1,5,5,1,3.66666666666667,4.33333333333333,3,4.6,4.5,4,2.2,2.4,3.22222222222222,3.66666666666667,3.38095238095238,2.5,4.33333333333333
"134",958,"EN","Akt2001",19,2,1,4,3,4,3,4,3,4,3,2,3,3,3,3,4,3,2,1,3,3,2,2,3,3,4,3,4,5,6,5,5,5,6,5,6,6,3,2.33333333333333,1.66666666666667,1.66666666666667,1.66666666666667,3.66666666666667,1.66666666666667,1.66666666666667,1.66666666666667,1.66666666666667,3,1.66666666666667,1.66666666666667,3,1.66666666666667,4.33333333333333,1.66666666666667,4.33333333333333,1.66666666666667,1.66666666666667,1.66666666666667,4.33333333333333,3.66666666666667,3.6,3,3.16666666666667,2.2,3,2.77777777777778,2.55555555555556,1.76190476190476,2,3
"135",1172,"EN","BEG2001",20,2,2,5,4,5,3,4,4,1,1,1,3,2,1,3,4,2,1,1,1,1,1,3,1,1,4,4,2,5,5,3,5,1,6,7,3,4,1,1,3.66666666666667,3.66666666666667,1,1,1,1,1,1,1,3,3,1,1,3.66666666666667,1,4.33333333333333,3.66666666666667,3.66666666666667,1,4.33333333333333,3.66666666666667,4.2,1.75,2.5,1,2.6,1.66666666666667,2.77777777777778,2.04761904761905,1,3.33333333333333
"136",1096,"EN","AHM2001",20,1,1,4,5,4,4,4,3,4,4,4,3,3,3,4,3,4,4,4,4,4,4,2,2,4,5,4,5,4,4,4,5,3,5,1,5,5,1,1,1,4.33333333333333,4.33333333333333,4.33333333333333,1,1,1,3.66666666666667,5,3,5,3.66666666666667,1,5,1,5,3.66666666666667,1,3.66666666666667,5,3.66666666666667,4.2,3.75,3.33333333333333,4,3.4,4.77777777777778,3.44444444444444,1.76190476190476,2.33333333333333,3.66666666666667
"137",1131,"EN","MAR2002",19,1,2,5,3,4,3,4,1,4,2,4,4,3,2,3,4,4,3,1,4,5,4,4,4,1,2,1,1,6,3,3,3,1,6,6,5,3,2.33333333333333,2.33333333333333,3,5,1,3.66666666666667,2.33333333333333,3,1.66666666666667,2.33333333333333,2.33333333333333,3,3,3.66666666666667,3.66666666666667,1.66666666666667,3,1,1.66666666666667,4.33333333333333,4.33333333333333,3,5,3.8,2.75,3.33333333333333,3.4,2.4,3,2.33333333333333,3,3,2.16666666666667
"138",754,"EN","ELA1996",24,2,1,3,5,4,3,4,4,4,2,3,2,2,2,4,1,3,1,1,2,2,3,2,2,2,3,2,5,5,6,1,6,3,6,4,5,4,3.66666666666667,3.66666666666667,3.66666666666667,1,3.66666666666667,2.33333333333333,1.66666666666667,1.66666666666667,1.66666666666667,1,3,4.33333333333333,1,4.33333333333333,1,4.33333333333333,2.33333333333333,3,4.33333333333333,1,1,4.33333333333333,4.33333333333333,3.8,3.25,2.33333333333333,1.8,2.2,2.11111111111111,3,2.42857142857143,2,3.33333333333333
"139",1143,"EN","TAN2001",19,2,1,3,2,4,4,5,1,3,2,4,5,2,1,3,4,2,3,1,4,3,2,4,5,5,5,5,6,4,7,4,5,7,6,7,4,7,3,3,3.66666666666667,1.66666666666667,3,3.66666666666667,3,4.33333333333333,2.33333333333333,1,3,3,3.66666666666667,3,1,4.33333333333333,1.66666666666667,5,4.33333333333333,1,1.66666666666667,4.33333333333333,1.66666666666667,3.6,2.5,2.83333333333333,2.6,4.8,3.44444444444444,2.77777777777778,2.52380952380952,1.83333333333333,4.5
"140",1081,"EN","Sir1996",24,1,1,3,2,3,3,2,4,1,4,2,3,3,3,4,4,3,4,3,4,4,4,2,2,2,4,3,2,4,6,5,7,3,4,4,5,5,4.33333333333333,3.66666666666667,4.33333333333333,4.33333333333333,4.33333333333333,4.33333333333333,3.66666666666667,3.66666666666667,2.33333333333333,4.33333333333333,4.33333333333333,4.33333333333333,3,4.33333333333333,2.33333333333333,1.66666666666667,4.33333333333333,5,4.33333333333333,1.66666666666667,5,3.66666666666667,5,2.6,2.75,3.33333333333333,3.8,2.6,3.88888888888889,2.55555555555556,3.57142857142857,4.5,4.16666666666667
"141",1377,"EN","BEL2001",19,2,1,3,3,4,3,4,4,3,4,3,4,3,3,4,4,4,4,2,4,4,4,3,2,3,2,3,6,2,3,3,7,7,6,2,3,6,5,3.66666666666667,4.33333333333333,3.66666666666667,3.66666666666667,3,3,2.33333333333333,1.66666666666667,1,3.66666666666667,4.33333333333333,3.66666666666667,5,1,4.33333333333333,3.66666666666667,3.66666666666667,4.33333333333333,1,5,4.33333333333333,5,3.4,3.5,3.66666666666667,3.6,2.6,3.44444444444444,3,3.0952380952381,3.66666666666667,3.66666666666667
"142",1282,"EN","KAM1990",30,1,1,3,3,5,4,4,2,4,3,4,3,4,2,3,4,2,4,4,5,5,5,2,1,1,3,1,2,3,7,3,5,1,5,6,6,5,4.33333333333333,3,3,3,3,4.33333333333333,3.66666666666667,2.33333333333333,1,5,3,2.33333333333333,3.66666666666667,3,2.33333333333333,1.66666666666667,3.66666666666667,1,1,1,5,1,3.66666666666667,3.8,3.25,3,4.6,1.6,3.66666666666667,1.88888888888889,2.61904761904762,4.5,1.33333333333333
"143",1376,"EN","MUC1989",31,1,1,3,3,2,2,3,3,2,2,2,3,3,3,4,3,3,4,5,4,4,4,3,2,1,2,1,2,4,6,7,3,1,6,6,7,4,4.33333333333333,1.66666666666667,3,3,2.33333333333333,3.66666666666667,2.33333333333333,2.33333333333333,1.66666666666667,5,1,3,2.33333333333333,2.33333333333333,1.66666666666667,3,3,1.66666666666667,1.66666666666667,1.66666666666667,4.33333333333333,2.33333333333333,2.33333333333333,2.6,2.25,3.16666666666667,4.2,1.8,2.33333333333333,2.33333333333333,2.33333333333333,4.16666666666667,2
"144",808,"EN","ISL2001",19,1,1,3,3,3,3,4,2,3,3,3,2,2,2,4,2,2,2,1,2,2,3,2,3,4,3,3,5,4,5,3,5,5,5,5,5,4,3.66666666666667,3.66666666666667,4.33333333333333,3.66666666666667,5,4.33333333333333,3.66666666666667,3.66666666666667,3,3,3.66666666666667,3,3.66666666666667,3,3,5,3,5,4.33333333333333,5,3,3.66666666666667,5,3.2,2.75,2.33333333333333,2,3,3.88888888888889,5,3.47619047619048,3.16666666666667,4.16666666666667
"145",1802,"EN","AGB2001",19,2,1,4,2,2,4,2,3,1,2,3,4,5,2,5,3,5,4,4,4,4,4,4,2,2,2,2,5,3,3,3,6,3,4,6,3,6,5,3,3.66666666666667,3.66666666666667,1.66666666666667,3.66666666666667,3.66666666666667,3.66666666666667,4.33333333333333,3.66666666666667,3.66666666666667,3.66666666666667,3,3,3,4.33333333333333,4.33333333333333,3.66666666666667,2.33333333333333,1,4.33333333333333,5,4.33333333333333,2.8,2.25,4,4,2.4,3.44444444444444,2.33333333333333,3.57142857142857,4.33333333333333,3.66666666666667
"146",383,"EN","Hsjsj",20,1,1,4,3,3,2,3,2,2,2,3,2,2,4,3,3,3,2,2,2,2,2,2,3,2,3,2,5,6,5,5,6,5,5,6,6,6,4.33333333333333,3,3,3.66666666666667,3,3.66666666666667,3,3,3,3,3,3.66666666666667,3.66666666666667,3.66666666666667,2.33333333333333,3,3,3,3.66666666666667,5,2.33333333333333,2.33333333333333,3,3,2.25,2.83333333333333,2,2.4,3.44444444444444,3.66666666666667,3.0952380952381,3.16666666666667,3
"147",1880,"EN","SHR1980",40,2,2,4,5,4,5,5,5,3,5,5,5,4,4,4,4,5,3,5,3,3,3,5,4,5,4,3,7,3,7,1,6,7,7,5,2,7,3,3,3,4.33333333333333,5,4.33333333333333,3.66666666666667,4.33333333333333,1,1,1,3.66666666666667,1,4.33333333333333,5,3.66666666666667,1,1,5,1,5,5,5,4.6,4.5,4.33333333333333,3.4,4.2,2.11111111111111,3.22222222222222,3.38095238095238,2.5,3.83333333333333
"148",924,"EN","gun1995",25,2,1,4,4,4,2,5,4,3,4,4,3,2,2,2,3,3,4,1,2,4,4,2,1,1,1,2,2,6,7,3,5,1,7,6,6,3,4.33333333333333,1.66666666666667,1,3.66666666666667,3.66666666666667,3.66666666666667,5,3,3.66666666666667,1,3,2.33333333333333,2.33333333333333,4.33333333333333,1.66666666666667,3.66666666666667,1,1,1.66666666666667,3,3.66666666666667,1,3.66666666666667,3.8,3.75,2.5,3,1.4,3,3.44444444444444,2.71428571428571,2.5,1.66666666666667
"149",371,"EN","EBR2000",20,2,1,5,4,4,4,4,5,4,4,4,3,4,4,5,4,4,5,1,5,4,3,5,4,5,4,3,5,6,5,1,7,1,5,2,7,1,2.33333333333333,2.33333333333333,1.66666666666667,5,1.66666666666667,5,2.33333333333333,2.33333333333333,1,1.66666666666667,2.33333333333333,3.66666666666667,1,1.66666666666667,2.33333333333333,5,2.33333333333333,5,1.66666666666667,1.66666666666667,1.66666666666667,5,4.33333333333333,4.2,4.25,4,3.6,4.2,2.77777777777778,2.77777777777778,2.61904761904762,2,3.5
"150",872,"EN","Isl2001",19,2,1,5,1,4,3,4,5,5,4,2,4,3,4,5,4,4,1,1,2,1,1,1,1,3,3,1,4,5,3,2,6,4,6,3,3,4,1.66666666666667,1.66666666666667,1.66666666666667,5,2.33333333333333,1.66666666666667,5,1,5,1,3.66666666666667,1,1,1,5,5,1,2.33333333333333,1,3,1,1,3.66666666666667,3.4,4,4,1.2,1.8,2.11111111111111,3.44444444444444,3.47619047619048,1.16666666666667,1.33333333333333
"151",1263,"EN","GYL1991",29,2,1,4,5,2,4,4,1,4,4,4,2,1,2,4,2,1,2,5,3,1,5,3,1,3,4,1,1,2,3,1,3,1,6,3,2,6,5,1.66666666666667,3,3.66666666666667,3.66666666666667,3.66666666666667,4.33333333333333,1.66666666666667,1,4.33333333333333,1,3.66666666666667,1,3.66666666666667,3,5,5,4.33333333333333,1,1,5,4.33333333333333,3,3.8,3.25,2,3.2,2.4,1.88888888888889,3.22222222222222,2.9047619047619,4.83333333333333,2.83333333333333
"152",668,"EN","GRA1996",24,2,1,2,3,3,4,2,1,1,4,4,4,1,1,4,2,2,3,2,4,4,4,5,4,2,5,4,1,7,5,1,5,1,7,3,2,5,3.66666666666667,2.33333333333333,1.66666666666667,1,1,5,1,2.33333333333333,1,2.33333333333333,1,1,1,1,1,5,2.33333333333333,3.66666666666667,2.33333333333333,1,3.66666666666667,2.33333333333333,3.66666666666667,2.8,2.5,2.33333333333333,3.4,4,2.33333333333333,2.33333333333333,1.28571428571429,3,2.66666666666667
"153",880,"EN","SIL1996",25,2,1,4,4,2,2,4,2,3,2,3,3,3,3,2,2,2,2,2,3,4,4,2,2,2,3,2,5,2,6,2,7,5,6,7,3,5,3.66666666666667,3,3,3,3,1.66666666666667,3,3.66666666666667,3,1.66666666666667,2.33333333333333,3,3,3.66666666666667,2.33333333333333,4.33333333333333,3.66666666666667,3.66666666666667,3,1.66666666666667,3.66666666666667,3.66666666666667,3.66666666666667,3.2,2.5,2.5,3,2.2,2.33333333333333,3,2.9047619047619,3.16666666666667,3.5
"154",892,"EN","WRI1997",23,2,1,4,2,4,2,3,4,4,5,4,4,4,3,3,5,5,1,1,2,2,3,2,3,1,2,2,1,3,7,1,4,1,7,6,5,3,5,3.66666666666667,4.33333333333333,4.33333333333333,1,1,5,1.66666666666667,1,1,1,4.33333333333333,4.33333333333333,4.33333333333333,1,5,1,1,2.33333333333333,1,1,3,5,3,4.25,4,1.8,2,2.11111111111111,2.33333333333333,3.38095238095238,2,2
"155",5339,"EN","PRE1998",22,2,1,5,5,5,3,5,2,3,2,1,5,3,3,5,5,5,2,2,4,3,2,2,4,4,3,3,3,3,6,1,4,1,6,3,5,5,3,3,3.66666666666667,3.66666666666667,2.33333333333333,3,3,2.33333333333333,2.33333333333333,2.33333333333333,3,3.66666666666667,3,3.66666666666667,3,4.33333333333333,2.33333333333333,3.66666666666667,3,1.66666666666667,2.33333333333333,3.66666666666667,3,4.6,2,4.33333333333333,2.6,3.2,3,2.77777777777778,3.19047619047619,2.5,3.16666666666667
"156",3018,"EN","WIL1996",25,1,1,5,4,5,5,5,5,4,5,4,4,4,5,5,5,5,5,5,5,5,5,4,4,3,4,3,2,2,4,1,7,1,7,3,6,7,5,5,5,5,1.66666666666667,5,2.33333333333333,3,1,5,3.66666666666667,5,3,5,5,2.33333333333333,3.66666666666667,1.66666666666667,3.66666666666667,1,5,1,1.66666666666667,4.8,4.5,4.66666666666667,5,3.6,3.88888888888889,1.66666666666667,4.04761904761905,4.66666666666667,2.33333333333333
"157",810,"EN","Par2000",18,1,1,5,4,3,3,4,3,4,4,4,3,4,5,3,5,2,5,4,2,4,5,2,4,3,4,2,5,4,4,6,6,3,7,3,6,4,1.66666666666667,1.66666666666667,1.66666666666667,2.33333333333333,2.33333333333333,3,1,2.33333333333333,1.66666666666667,2.33333333333333,3,1.66666666666667,3.66666666666667,2.33333333333333,1,4.33333333333333,3.66666666666667,5,1.66666666666667,3.66666666666667,5,1.66666666666667,5,3.8,3.75,3.66666666666667,4,3,3.22222222222222,3.44444444444444,1.57142857142857,3.16666666666667,2.66666666666667
"158",578,"EN","ALL2000",20,2,1,4,2,2,2,4,2,4,2,4,4,2,2,2,2,4,2,2,2,2,2,2,2,2,4,4,2,6,5,3,5,3,5,6,2,3,1.66666666666667,1.66666666666667,1.66666666666667,4.33333333333333,3.66666666666667,3.66666666666667,4.33333333333333,2.33333333333333,3.66666666666667,1.66666666666667,1.66666666666667,3.66666666666667,1.66666666666667,3.66666666666667,1.66666666666667,3.66666666666667,1.66666666666667,1.66666666666667,1.66666666666667,1.66666666666667,1.66666666666667,1.66666666666667,1.66666666666667,2.8,3,2.66666666666667,2,2.8,2.33333333333333,3,3,1.66666666666667,1.83333333333333
"159",865,"EN","STU1997",23,2,1,4,2,4,5,2,1,1,1,2,2,3,1,2,2,2,1,1,1,1,1,1,2,3,4,3,3,4,7,6,4,2,6,7,6,5,1,1,1,1.66666666666667,1,1,1,1,1,1,1,1,1,2.33333333333333,1,2.33333333333333,1,5,2.33333333333333,1,1,5,1,3.4,1.25,2,1,2.6,1,1.44444444444444,1.0952380952381,1,3.33333333333333
"160",1334,"EN","dic1996",24,1,1,3,4,4,2,3,2,2,3,3,3,2,3,4,4,4,2,2,4,4,4,4,4,2,3,4,5,2,5,1,6,1,6,2,6,6,3,3,2.33333333333333,4.33333333333333,3.66666666666667,3.66666666666667,3,3,2.33333333333333,1.66666666666667,2.33333333333333,1,2.33333333333333,3.66666666666667,3,3.66666666666667,3,3.66666666666667,4.33333333333333,1,3.66666666666667,3,5,3.2,2.5,3.33333333333333,3.2,3.4,2.77777777777778,2.77777777777778,2.71428571428571,2.83333333333333,3.5
"161",1068,"EN","ABU2001",20,2,1,3,3,3,3,4,4,3,4,3,3,4,3,4,3,3,4,4,4,4,5,3,4,4,3,4,6,3,7,4,7,5,4,7,5,7,4.33333333333333,3,3.66666666666667,3.66666666666667,3,3,3,3.66666666666667,3,4.33333333333333,3,3,3,3.66666666666667,3,3.66666666666667,4.33333333333333,3,3,3,5,3,3,3.2,3.5,3.33333333333333,4.2,3.6,3,3.22222222222222,3.19047619047619,4.5,3.16666666666667
"162",572,"EN","ASH2002",18,1,1,5,5,4,5,5,3,3,4,4,4,5,3,3,4,5,5,5,4,5,4,4,3,2,4,3,5,6,4,6,7,3,6,2,3,7,4.33333333333333,2.33333333333333,5,4.33333333333333,1.66666666666667,5,4.33333333333333,5,3,4.33333333333333,3.66666666666667,5,3,3,2.33333333333333,1.66666666666667,4.33333333333333,3,3.66666666666667,3.66666666666667,4.33333333333333,3.66666666666667,4.33333333333333,4.8,3.5,4,4.6,3.2,3.88888888888889,2.33333333333333,3.76190476190476,4.33333333333333,3.83333333333333
"163",3494,"EN","WON1957",63,2,2,5,4,5,5,5,1,4,4,4,5,5,1,4,5,5,1,1,1,1,1,4,4,1,5,5,1,7,5,2,6,1,7,7,3,7,4.33333333333333,1.66666666666667,1.66666666666667,5,3.66666666666667,1.66666666666667,3,1.66666666666667,5,1,5,3.66666666666667,3.66666666666667,3.66666666666667,1,1,1,1,1,4.33333333333333,1,1,4.33333333333333,4.8,3.25,4.16666666666667,1,3.8,3.44444444444444,3,3,1.83333333333333,1.16666666666667
"164",679,"EN","Bha1993",27,2,1,4,2,2,3,3,2,3,4,4,4,3,2,3,4,3,3,4,2,3,3,4,4,4,3,3,7,3,7,2,3,7,7,7,3,6,5,2.33333333333333,2.33333333333333,4.33333333333333,1.66666666666667,1.66666666666667,5,1.66666666666667,1.66666666666667,5,1.66666666666667,1.66666666666667,1.66666666666667,1.66666666666667,5,1.66666666666667,1.66666666666667,1.66666666666667,1.66666666666667,1.66666666666667,5,1.66666666666667,4.33333333333333,2.8,3.25,3.16666666666667,3,3.6,1.66666666666667,1.66666666666667,3.19047619047619,4.16666666666667,1.66666666666667
"165",551,"EN","Ayg1999",21,2,1,1,1,5,4,5,1,4,3,4,5,2,1,2,2,3,1,2,1,1,1,1,1,4,5,5,3,5,4,3,7,1,7,3,7,5,1.66666666666667,1,2.33333333333333,1.66666666666667,4.33333333333333,1.66666666666667,1.66666666666667,1.66666666666667,1.66666666666667,1.66666666666667,3.66666666666667,1.66666666666667,1.66666666666667,1.66666666666667,1.66666666666667,3,1.66666666666667,3,1.66666666666667,1.66666666666667,1.66666666666667,5,1.66666666666667,3.2,3,2.5,1.2,3.2,2.33333333333333,3,1.66666666666667,1.66666666666667,2.83333333333333
"166",1051,"EN","wat2000",20,2,1,4,2,4,2,4,4,2,2,1,2,2,5,2,4,1,4,4,2,4,4,2,2,2,4,4,6,3,2,6,6,6,6,2,6,6,4.33333333333333,3,3.66666666666667,5,1.66666666666667,2.33333333333333,1.66666666666667,3,3,3.66666666666667,3,3.66666666666667,3,3.66666666666667,4.33333333333333,2.33333333333333,4.33333333333333,4.33333333333333,3.66666666666667,1.66666666666667,5,3.66666666666667,3.66666666666667,3.2,2.25,2.66666666666667,3.6,2.8,2.77777777777778,1.88888888888889,3.47619047619048,4.33333333333333,3.66666666666667
"167",1050,"EN","MAC1999",22,2,1,3,2,4,2,3,5,3,5,3,4,5,4,4,5,3,2,3,4,4,2,3,4,1,2,4,3,3,6,5,4,2,6,3,7,6,4.33333333333333,3,3.66666666666667,3.66666666666667,3.66666666666667,3,3,3.66666666666667,3.66666666666667,2.33333333333333,3,3,3,5,3.66666666666667,3,2.33333333333333,1.66666666666667,2.33333333333333,2.33333333333333,5,3.66666666666667,4.33333333333333,2.8,4,4.16666666666667,3,2.8,3,3,3.38095238095238,3.5,2.83333333333333
"168",3981,"EN","NIM1998",22,2,1,4,4,3,4,3,4,3,3,5,4,4,4,5,4,4,5,4,5,5,5,1,4,3,3,4,6,4,3,3,5,4,3,3,5,3,3,4.33333333333333,3.66666666666667,2.33333333333333,2.33333333333333,3,3,3.66666666666667,2.33333333333333,3.66666666666667,4.33333333333333,4.33333333333333,4.33333333333333,3.66666666666667,3,3.66666666666667,4.33333333333333,5,3.66666666666667,3.66666666666667,3,3,3.66666666666667,3.6,3.75,4.16666666666667,4.8,3,3.88888888888889,3.22222222222222,3.28571428571429,3.5,3.83333333333333
"169",1387,"EN","AND1977",43,1,1,4,3,2,3,4,2,4,4,4,5,5,4,4,5,5,4,2,3,2,3,3,2,2,3,4,2,3,5,6,6,3,6,3,6,7,5,3,4.33333333333333,5,2.33333333333333,2.33333333333333,3.66666666666667,4.33333333333333,3,2.33333333333333,5,4.33333333333333,2.33333333333333,1.66666666666667,3.66666666666667,3,3,3,3.66666666666667,4.33333333333333,3.66666666666667,3.66666666666667,2.33333333333333,3.2,3.5,4.66666666666667,2.8,2.8,3.22222222222222,3.22222222222222,3.85714285714286,3.5,3.66666666666667
"170",1805,"EN","IGG2000",20,2,1,3,1,4,4,1,3,2,5,4,5,5,3,2,4,5,5,5,5,4,4,3,4,2,3,3,6,6,7,1,7,6,7,6,3,5,5,3.66666666666667,4.33333333333333,3.66666666666667,3.66666666666667,5,3,4.33333333333333,1.66666666666667,5,4.33333333333333,4.33333333333333,4.33333333333333,4.33333333333333,1.66666666666667,3.66666666666667,5,3.66666666666667,4.33333333333333,1,4.33333333333333,4.33333333333333,4.33333333333333,2.6,3.5,4,4.6,3,4.55555555555556,2.77777777777778,3.19047619047619,4.83333333333333,4.16666666666667
"171",1478,"EN","SID2000",20,2,1,5,4,4,2,5,1,4,2,4,4,4,2,4,5,3,1,1,4,4,1,1,1,1,1,2,1,7,7,2,7,1,6,6,3,3,4.33333333333333,3,1,4.33333333333333,3.66666666666667,4.33333333333333,3.66666666666667,1,3.66666666666667,1,3,1,3,3,1.66666666666667,5,1,4.33333333333333,2.33333333333333,2.33333333333333,4.33333333333333,3.66666666666667,5,4,2.75,3.66666666666667,2.2,1.2,3.44444444444444,3.66666666666667,2.61904761904762,2.66666666666667,2.83333333333333
"172",1200,"EN","OBR1994",27,1,1,5,1,5,1,1,4,3,4,3,5,3,3,2,5,4,5,4,5,3,5,2,1,1,1,1,6,2,6,6,5,7,4,5,6,3,3,3,3.66666666666667,4.33333333333333,2.33333333333333,1.66666666666667,3.66666666666667,3,1,5,1,3,1.66666666666667,4.33333333333333,3,1,5,3,3,1,4.33333333333333,1,5,2.6,3.5,3.66666666666667,4.4,1.2,1.44444444444444,1.44444444444444,3.0952380952381,4.33333333333333,2.5
"173",941,"EN","BAS2001",20,2,1,3,2,3,4,2,4,2,4,2,5,2,1,2,3,3,2,1,3,5,5,2,5,3,5,5,6,4,7,5,6,3,7,5,5,6,4.33333333333333,2.33333333333333,1.66666666666667,3,1,3,1.66666666666667,3.66666666666667,1.66666666666667,1,2.33333333333333,3.66666666666667,4.33333333333333,3.66666666666667,1,5,1,5,3,3.66666666666667,3.66666666666667,4.33333333333333,4.33333333333333,2.8,3,2.66666666666667,3.2,4,3.22222222222222,3.22222222222222,2.14285714285714,2.5,4
"174",929,"EN","ISS2001",19,2,1,4,4,3,4,4,1,3,4,4,2,4,4,5,2,5,4,1,2,4,4,3,4,1,5,4,5,3,4,3,6,3,6,3,5,7,4.33333333333333,3.66666666666667,4.33333333333333,3.66666666666667,3,3.66666666666667,3,4.33333333333333,2.33333333333333,1,4.33333333333333,5,3.66666666666667,4.33333333333333,3.66666666666667,5,4.33333333333333,5,4.33333333333333,1,3.66666666666667,5,3.66666666666667,3.8,3,3.66666666666667,3,3.4,3.88888888888889,3,3.66666666666667,3.33333333333333,4.66666666666667
"175",3569,"EN","NAB",22,2,1,4,2,4,1,4,4,2,4,4,4,4,2,4,4,4,4,1,2,2,4,3,4,4,4,4,3,5,5,2,6,2,6,5,5,6,3,3,2.33333333333333,1.66666666666667,3,4.33333333333333,1.66666666666667,2.33333333333333,1.66666666666667,1.66666666666667,3,2.33333333333333,1.66666666666667,1.66666666666667,2.33333333333333,3,1.66666666666667,3.66666666666667,3,4.33333333333333,1.66666666666667,5,3,3,3.5,3.66666666666667,2.6,3.8,3,3.44444444444444,2.14285714285714,2,3.5
"176",1773,"EN","MER2000",20,2,1,5,3,5,1,4,4,4,5,3,1,2,3,5,4,4,4,4,5,3,5,1,3,3,4,3,3,2,6,1,6,3,7,5,5,5,3.66666666666667,3.66666666666667,4.33333333333333,4.33333333333333,4.33333333333333,3,5,4.33333333333333,4.33333333333333,4.33333333333333,3.66666666666667,5,3.66666666666667,4.33333333333333,3.66666666666667,4.33333333333333,3.66666666666667,4.33333333333333,5,1.66666666666667,5,5,4.33333333333333,3.6,4,3.16666666666667,4.2,2.8,3.44444444444444,3.44444444444444,4.33333333333333,4.16666666666667,4.66666666666667
"177",595,"EN","Amy1994",26,2,1,1,2,1,2,1,1,2,1,1,1,4,3,4,2,4,2,2,1,1,2,1,4,4,2,1,3,6,6,3,3,2,5,7,5,2,3,1,1,1,1,3.66666666666667,1,1,1,1,1,3,1,1,1.66666666666667,1,2.33333333333333,3,3,1,1,4.33333333333333,1,1.4,1.25,3,1.6,2.4,1.88888888888889,1,1.38095238095238,1.83333333333333,2.83333333333333
"178",2743,"EN","HIL1992",28,3,1,4,5,5,2,4,5,4,5,4,5,4,3,5,4,3,4,1,2,4,4,2,2,1,1,3,7,7,5,3,6,3,7,2,5,7,4.33333333333333,3.66666666666667,4.33333333333333,3.66666666666667,3.66666666666667,1.66666666666667,3,4.33333333333333,4.33333333333333,3,5,4.33333333333333,1.66666666666667,5,2.33333333333333,3.66666666666667,3.66666666666667,1.66666666666667,5,3.66666666666667,3.66666666666667,3.66666666666667,2.33333333333333,4,4.5,4,3,1.8,2.77777777777778,3.66666666666667,3.66666666666667,3.66666666666667,3.66666666666667
"179",910,"EN","ROU1998",23,1,1,4,4,5,4,5,4,5,5,5,4,5,3,4,4,5,3,4,3,5,5,3,5,3,4,3,6,3,6,6,6,3,7,5,7,2,4.33333333333333,3.66666666666667,3,3,5,3.66666666666667,4.33333333333333,4.33333333333333,3.66666666666667,4.33333333333333,3.66666666666667,4.33333333333333,2.33333333333333,3,2.33333333333333,3.66666666666667,5,4.33333333333333,2.33333333333333,3,5,3.66666666666667,4.33333333333333,4.4,4.75,4.16666666666667,4,3.6,3.22222222222222,3.88888888888889,3.47619047619048,4.66666666666667,3.66666666666667
"180",900,"EN","NDI2002",18,2,1,4,5,5,5,4,2,4,2,5,4,4,4,5,4,5,2,1,5,4,4,4,1,1,5,4,2,3,6,3,5,2,5,5,3,4,5,3,2.33333333333333,4.33333333333333,5,4.33333333333333,3.66666666666667,1.66666666666667,1.66666666666667,4.33333333333333,1.66666666666667,3.66666666666667,3,2.33333333333333,1,4.33333333333333,1,1,1.66666666666667,1,4.33333333333333,1,4.33333333333333,4.6,3.25,4.33333333333333,3.2,3,3,3.44444444444444,2.80952380952381,3.66666666666667,1.33333333333333
"181",1430,"EN","Jan 99",22,2,1,3,5,3,4,3,1,2,2,3,2,4,1,5,4,2,4,4,5,5,2,3,1,4,5,4,2,6,4,3,5,3,5,3,6,7,3.66666666666667,1,1.66666666666667,3.66666666666667,1,5,3.66666666666667,3,3,3.66666666666667,3.66666666666667,1,1.66666666666667,3,1,5,3,3,1.66666666666667,3,5,1.66666666666667,5,3.6,2,3,4,3.4,3.44444444444444,3,2.14285714285714,3.83333333333333,2.33333333333333
"182",2914,"EN","HEC2001",20,1,1,3,2,3,1,2,1,1,1,1,3,4,3,4,3,3,3,2,3,3,3,3,4,1,4,4,7,7,6,7,4,3,7,7,7,6,1,1,1,1,1,1,1,5,1,1,1,1,1,3.66666666666667,1,1,1,3.66666666666667,1,1,1,3,1,2.2,1,3.33333333333333,2.8,3.2,1,1,1,1,3.16666666666667
"183",970,"EN","bro2001",19,2,2,4,3,4,5,4,1,1,1,1,5,3,2,3,4,5,1,1,1,1,1,3,4,2,4,4,2,4,5,1,5,3,6,5,2,3,1,1,3.66666666666667,3.66666666666667,1,4.33333333333333,1.66666666666667,1,3,1,1.66666666666667,4.33333333333333,5,3.66666666666667,1.66666666666667,5,1,3,1,3.66666666666667,1,5,3,4,1,3.66666666666667,1,3.4,3.66666666666667,3.22222222222222,2.71428571428571,1,2.5
"184",3292,"EN","CAV2001",19,2,1,4,4,4,3,4,3,4,3,4,3,3,2,2,3,4,2,1,2,1,1,3,3,3,3,4,5,2,6,3,6,2,6,4,4,3,4.33333333333333,3,2.33333333333333,2.33333333333333,5,4.33333333333333,3,1.66666666666667,5,1,3,3.66666666666667,2.33333333333333,2.33333333333333,1.66666666666667,5,3.66666666666667,2.33333333333333,3.66666666666667,4.33333333333333,3,5,4.33333333333333,3.8,3.5,2.83333333333333,1.4,3.2,3.22222222222222,4.77777777777778,3,3,3.16666666666667
"185",1035,"EN","KAC1999",21,1,1,4,4,4,3,4,2,3,2,3,4,4,4,4,4,4,2,3,3,3,4,3,4,4,3,3,3,6,3,5,5,3,5,6,6,3,4.33333333333333,3,3,4.33333333333333,1.66666666666667,4.33333333333333,2.33333333333333,1.66666666666667,2.33333333333333,1.66666666666667,1.66666666666667,3.66666666666667,3.66666666666667,1.66666666666667,3,4.33333333333333,1.66666666666667,1.66666666666667,3,1.66666666666667,3,3,3.66666666666667,3.8,2.5,4,3,3.4,3.22222222222222,2.55555555555556,3.0952380952381,2.66666666666667,2.33333333333333
"186",2245,"EN","MUR1999",21,2,1,4,2,2,2,2,2,4,4,2,4,5,4,4,4,5,4,4,5,4,5,4,2,2,4,2,5,2,6,3,7,6,5,5,5,6,4.33333333333333,3,4.33333333333333,3.66666666666667,2.33333333333333,5,3.66666666666667,3.66666666666667,1.66666666666667,4.33333333333333,1.66666666666667,4.33333333333333,2.33333333333333,1.66666666666667,2.33333333333333,3.66666666666667,4.33333333333333,3.66666666666667,1.66666666666667,1.66666666666667,4.33333333333333,4.33333333333333,2.33333333333333,2.4,3,4.33333333333333,4.4,2.8,3,2.55555555555556,3.28571428571429,4.33333333333333,3.33333333333333
"187",724,"EN","FON2000",20,2,1,4,5,4,4,4,3,4,3,4,4,4,4,4,4,3,1,1,2,2,3,4,4,4,4,4,5,5,3,1,7,2,7,6,3,5,4.33333333333333,3.66666666666667,4.33333333333333,4.33333333333333,4.33333333333333,3.66666666666667,3.66666666666667,3.66666666666667,3.66666666666667,1.66666666666667,4.33333333333333,5,5,5,3,5,3.66666666666667,5,3.66666666666667,4.33333333333333,4.33333333333333,5,4.33333333333333,4.2,3.5,3.83333333333333,1.8,4,4.33333333333333,4.55555555555556,3.95238095238095,3.5,4.33333333333333
"188",1278,"EN","BAU2001",19,2,1,2,4,5,4,4,1,5,3,4,2,3,1,5,2,4,1,1,4,3,4,2,4,4,3,5,3,6,4,3,4,3,7,3,3,6,2.33333333333333,1,3.66666666666667,3,1,1,1,1,3,1,3,3,3.66666666666667,3.66666666666667,1,4.33333333333333,1,4.33333333333333,3,3,1.66666666666667,5,5,3.8,3.25,2.83333333333333,2.6,3.6,2.55555555555556,2.77777777777778,2.23809523809524,1.5,3.33333333333333
"189",893,"EN","SAN1990",30,2,1,4,4,4,4,4,1,1,1,3,4,2,4,3,3,3,3,5,5,5,5,3,1,2,2,2,1,7,1,2,7,2,7,1,5,6,4.33333333333333,2.33333333333333,2.33333333333333,4.33333333333333,1,4.33333333333333,2.33333333333333,3,3,5,3.66666666666667,3,3.66666666666667,1,3.66666666666667,3,4.33333333333333,1.66666666666667,1.66666666666667,1,5,1.66666666666667,5,4,1.5,3.16666666666667,4.6,2,3.88888888888889,1.66666666666667,3,4.66666666666667,2
"190",1447,"EN","Bou1993 ",27,2,2,4,2,4,4,4,1,2,2,2,3,5,4,4,5,4,3,3,3,4,2,3,2,4,4,5,6,4,4,3,7,5,7,3,5,7,4.33333333333333,3,4.33333333333333,4.33333333333333,1,3,1.66666666666667,4.33333333333333,3.66666666666667,1.66666666666667,3,4.33333333333333,3.66666666666667,3,3.66666666666667,3.66666666666667,1.66666666666667,5,3,1,4.33333333333333,5,3,3.6,1.75,4.16666666666667,3,3.6,3.22222222222222,1.88888888888889,3.57142857142857,3,4.33333333333333
"191",9927,"EN","HAR2000",20,2,1,4,4,4,3,4,1,3,4,4,4,5,2,3,4,4,2,1,3,4,2,4,2,5,4,3,2,4,3,2,4,2,5,2,3,4,1.66666666666667,4.33333333333333,3,2.33333333333333,3,3.66666666666667,1.66666666666667,1,4.33333333333333,1,1,2.33333333333333,1.66666666666667,3,1.66666666666667,4.33333333333333,1.66666666666667,3,1,1.66666666666667,1,5,1.66666666666667,3.8,3,3.66666666666667,2.4,3.6,2.11111111111111,3,2.80952380952381,1.33333333333333,2.5
"192",1102,"EN","LAZ1999",21,2,1,2,2,2,3,3,5,2,5,2,4,4,3,3,4,3,3,2,2,2,4,5,4,2,1,3,3,3,6,2,7,2,3,4,2,6,3.66666666666667,3,4.33333333333333,4.33333333333333,3,5,2.33333333333333,3.66666666666667,3.66666666666667,1.66666666666667,3,4.33333333333333,4.33333333333333,5,3,3,1.66666666666667,2.33333333333333,2.33333333333333,1.66666666666667,3.66666666666667,3.66666666666667,2.33333333333333,2.4,3.5,3.5,2.6,3,4.11111111111111,2.55555555555556,3.57142857142857,2.66666666666667,3
"193",1076,"EN","Fre1995",25,2,1,4,4,4,4,3,1,1,2,2,3,2,2,4,3,5,4,4,4,3,3,4,5,4,5,4,1,7,3,1,2,1,6,3,3,2,4.33333333333333,3,3.66666666666667,3,1,2.33333333333333,2.33333333333333,4.33333333333333,5,4.33333333333333,3.66666666666667,5,3,5,2.33333333333333,3.66666666666667,4.33333333333333,5,5,3,5,5,3,3.8,1.5,3.16666666666667,3.6,4.4,3,2.55555555555556,3.47619047619048,4.5,4.83333333333333
"194",2027,"EN","IOT 1988",32,1,2,5,4,4,4,4,5,4,4,4,4,3,5,4,4,4,3,2,4,4,4,3,3,3,3,3,4,4,2,3,6,2,4,3,2,6,3.66666666666667,4.33333333333333,3,5,4.33333333333333,3,4.33333333333333,3,4.33333333333333,4.33333333333333,3.66666666666667,3,3.66666666666667,3.66666666666667,5,3.66666666666667,4.33333333333333,3,3.66666666666667,4.33333333333333,3.66666666666667,3,3.66666666666667,4.2,4.25,4,3.4,3,3.44444444444444,4.11111111111111,4.14285714285714,4,3.16666666666667
